timestamp,close
2000-01-31,7.4075
2000-02-01,7.2221
2000-02-02,7.4075
2000-02-03,7.4446
2000-02-04,7.5183
2000-02-07,7.4446
2000-02-08,7.4704
2000-02-09,7.2221
2000-02-10,7.0742
2000-02-11,7.0
2000-02-14,6.8517
2000-02-15,6.7408
2000-02-16,6.815
2000-02-17,6.5963
2000-02-18,6.515
2000-02-21,6.5183
2000-02-22,6.5183
2000-02-23,6.445
2000-02-24,6.5075
2000-02-25,6.6296
2000-02-28,6.5554
2000-02-29,6.5
2000-03-01,6.4446
2000-03-02,6.2962
2000-03-03,6.5371
2000-03-06,2757810.0
2000-03-07,2757810.0
2000-03-08,6.6667
2000-03-09,6.5921
2000-03-10,6.5183
2000-03-13,2750000.0
2000-03-14,6.2296
2000-03-15,6.0371
2000-03-16,5.9625
2000-03-17,5.9258
2000-03-20,5.8517
2000-03-21,5.7408
2000-03-22,5.815
2000-03-23,6.0742
2000-03-24,6.1483
2000-03-27,6.185
2000-03-28,6.0925
2000-03-29,5.9988
2000-03-30,6.2217
2000-03-31,6.5371
2000-04-03,6.315
2000-04-04,6.2587
2000-04-05,6.3325
2000-04-06,6.3704
2000-04-07,6.5108
2000-04-10,6.2958
2000-04-11,6.2429
2000-04-12,6.3704
2000-04-13,6.0
2000-04-14,5.8888
2000-04-17,5.7
2000-04-18,5.8888
2000-04-19,5.685
2000-04-20,5.8517
2000-04-21,2468750.0
2000-04-24,5.6663
2000-04-25,5.8721
2000-04-26,6.1512
2000-04-27,6.2779
2000-04-28,6.315
2000-05-01,2664060.0
2000-05-02,6.1479
2000-05-03,5.815
2000-05-04,5.7408
2000-05-05,5.7779
2000-05-08,5.5554
2000-05-09,5.3742
2000-05-10,5.2221
2000-05-11,5.2592
2000-05-12,5.185
2000-05-15,5.4817
2000-05-16,5.5
2000-05-17,5.4075
2000-05-18,5.2946
2000-05-19,5.2408
2000-05-22,4.9629
2000-05-23,4.8204
2000-05-24,4.885
2000-05-25,4.7592
2000-05-26,4.7592
2000-05-29,4.8113
2000-05-30,5.0408
2000-05-31,4.9262
2000-06-01,5.0742
2000-06-02,5.2667
2000-06-05,5.1483
2000-06-06,2171880.0
2000-06-07,5.0742
2000-06-08,5.1667
2000-06-09,5.185
2000-06-12,5.1296
2000-06-13,5.0379
2000-06-14,5.0221
2000-06-15,4.9258
2000-06-16,4.7888
2000-06-19,5.0738
2000-06-20,5.1317
2000-06-21,5.5742
2000-06-22,2351560.0
2000-06-23,5.4721
2000-06-26,5.4258
2000-06-27,5.3521
2000-06-28,5.4258
2000-06-29,5.375
2000-06-30,5.0742
2000-07-03,5.0742
2000-07-04,5.3038
2000-07-05,5.6487
2000-07-06,5.8888
2000-07-07,6.1112
2000-07-10,6.0396
2000-07-11,5.815
2000-07-12,5.815
2000-07-13,5.6296
2000-07-14,5.7038
2000-07-17,5.9996
2000-07-18,6.0554
2000-07-19,5.7779
2000-07-20,5.7779
2000-07-21,5.9258
2000-07-24,5.9963
2000-07-25,6.0371
2000-07-26,5.9075
2000-07-27,5.8517
2000-07-28,5.6962
2000-07-31,5.9258
2000-08-01,5.8888
2000-08-02,5.9704
2000-08-03,5.9629
2000-08-04,6.0667
2000-08-07,6.3517
2000-08-08,6.3713
2000-08-09,6.3333
2000-08-10,6.2058
2000-08-11,6.4262
2000-08-14,6.4779
2000-08-15,6.4592
2000-08-16,6.4258
2000-08-17,6.5183
2000-08-18,6.4629
2000-08-21,6.3329
2000-08-22,6.4258
2000-08-23,6.4446
2000-08-24,6.5183
2000-08-25,6.7033
2000-08-28,6.6721
2000-08-29,6.8742
2000-08-30,7.2038
2000-08-31,7.2779
2000-09-01,7.2033
2000-09-04,7.0483
2000-09-05,7.0371
2000-09-06,7.2371
2000-09-07,3053120.0
2000-09-08,7.2925
2000-09-11,7.3296
2000-09-12,7.1112
2000-09-13,7.0367
2000-09-14,7.1112
2000-09-15,7.0371
2000-09-18,6.5971
2000-09-19,6.6667
2000-09-20,6.5925
2000-09-21,6.7038
2000-09-22,6.7371
2000-09-25,6.7779
2000-09-26,6.6483
2000-09-27,6.5925
2000-09-28,6.6483
2000-09-29,6.5929
2000-10-02,6.3708
2000-10-03,6.4075
2000-10-04,6.4817
2000-10-05,2734380.0
2000-10-06,6.6658
2000-10-09,6.6658
2000-10-10,6.5925
2000-10-11,6.5629
2000-10-12,2768750.0
2000-10-13,6.6667
2000-10-16,6.7371
2000-10-17,6.7892
2000-10-18,6.6183
2000-10-19,6.8879
2000-10-20,6.6333
2000-10-23,6.1483
2000-10-24,2593750.0
2000-10-25,6.0
2000-10-26,6.1296
2000-10-27,6.3721
2000-10-30,6.4817
2000-10-31,6.3704
2000-11-01,6.2796
2000-11-02,2649220.0
2000-11-03,6.185
2000-11-06,6.2592
2000-11-07,6.0963
2000-11-08,5.9642
2000-11-09,5.9446
2000-11-10,6.0742
2000-11-13,5.9279
2000-11-14,2500780.0
2000-11-15,2500780.0
2000-11-16,6.0742
2000-11-17,6.0371
2000-11-20,6.1671
2000-11-21,6.315
2000-11-22,6.2888
2000-11-23,6.0925
2000-11-24,6.1112
2000-11-27,5.9258
2000-11-28,6.0371
2000-11-29,5.7888
2000-11-30,5.6537
2000-12-01,5.4117
2000-12-04,5.3333
2000-12-05,5.5738
2000-12-06,5.6317
2000-12-07,5.8888
2000-12-08,6.0183
2000-12-11,6.1408
2000-12-12,2590620.0
2000-12-13,6.3704
2000-12-14,6.4629
2000-12-15,6.185
2000-12-18,6.2962
2000-12-19,6.4367
2000-12-20,6.1483
2000-12-21,6.0375
2000-12-22,5.8925
2000-12-26,6.2958
2000-12-27,6.4817
2000-12-28,6.4446
2000-12-29,2718750.0
2001-01-01,2718750.0
2001-01-02,6.3708
2001-01-03,7.2183
2001-01-04,7.1112
2001-01-05,7.0004
2001-01-08,7.0017
2001-01-09,7.0375
2001-01-10,7.1117
2001-01-11,7.1962
2001-01-12,7.1667
2001-01-15,7.0742
2001-01-16,6.9629
2001-01-17,7.1296
2001-01-18,7.2958
2001-01-19,7.4075
2001-01-22,7.7775
2001-01-23,8.3333
2001-01-24,8.1483
2001-01-26,8.3333
2001-01-29,8.1112
2001-01-30,7.9629
2001-01-31,8.185
2001-02-01,7.9817
2001-02-02,8.0554
2001-02-05,7.9258
2001-02-06,8.0371
2001-02-07,7.9075
2001-02-08,8.2221
2001-02-09,8.0742
2001-02-12,7.9258
2001-02-13,8.0371
2001-02-14,8.1129
2001-02-15,8.0371
2001-02-16,7.8888
2001-02-19,7.7408
2001-02-20,7.9258
2001-02-21,7.8908
2001-02-22,8.2779
2001-02-23,8.815
2001-02-26,3718750.0
2001-02-27,3718750.0
2001-02-28,8.5925
2001-03-01,8.8371
2001-03-02,8.3704
2001-03-05,8.0742
2001-03-06,7.965
2001-03-07,8.0554
2001-03-08,7.8888
2001-03-09,7.8408
2001-03-12,7.4075
2001-03-13,7.7038
2001-03-14,7.7038
2001-03-15,7.2408
2001-03-16,7.2408
2001-03-19,7.1296
2001-03-20,7.4446
2001-03-21,7.2408
2001-03-22,6.8075
2001-03-23,7.1038
2001-03-26,7.1858
2001-03-27,7.5554
2001-03-28,7.3004
2001-03-29,7.0371
2001-03-30,7.0
2001-04-02,6.6704
2001-04-03,6.5667
2001-04-04,6.4629
2001-04-05,6.5925
2001-04-06,6.7221
2001-04-09,6.7592
2001-04-10,7.0746
2001-04-11,7.0963
2001-04-12,7.2033
2001-04-13,3038910.0
2001-04-16,7.0
2001-04-17,6.9554
2001-04-18,7.1117
2001-04-19,6.8888
2001-04-20,6.6667
2001-04-23,6.5183
2001-04-24,6.5925
2001-04-25,6.5
2001-04-26,6.7221
2001-04-27,6.815
2001-04-30,6.7033
2001-05-01,2827970.0
2001-05-02,2827970.0
2001-05-03,6.4071
2001-05-04,6.4446
2001-05-07,6.2962
2001-05-08,6.2042
2001-05-09,2617340.0
2001-05-10,6.365
2001-05-11,6.1667
2001-05-14,5.6296
2001-05-15,5.5925
2001-05-16,5.8329
2001-05-17,6.2038
2001-05-18,6.2962
2001-05-21,6.2962
2001-05-22,6.1112
2001-05-23,6.0371
2001-05-24,6.0
2001-05-25,5.9996
2001-05-28,5.7779
2001-05-29,5.8888
2001-05-30,2484380.0
2001-05-31,6.1479
2001-06-01,6.185
2001-06-04,6.2221
2001-06-05,6.3517
2001-06-06,6.2962
2001-06-07,6.5925
2001-06-08,6.5742
2001-06-11,6.3888
2001-06-12,6.2592
2001-06-13,6.4817
2001-06-14,2734380.0
2001-06-15,6.2962
2001-06-18,6.0371
2001-06-19,6.0742
2001-06-20,6.1371
2001-06-21,6.2038
2001-06-22,6.4133
2001-06-25,6.3333
2001-06-26,6.315
2001-06-27,6.2038
2001-06-28,6.0746
2001-06-29,6.1483
2001-07-02,6.0004
2001-07-03,5.8183
2001-07-04,2454690.0
2001-07-05,5.5483
2001-07-06,5.5333
2001-07-09,2334380.0
2001-07-10,5.3888
2001-07-11,5.5921
2001-07-12,5.5929
2001-07-13,5.5554
2001-07-16,5.5554
2001-07-17,5.6258
2001-07-18,5.4817
2001-07-19,5.6296
2001-07-20,6.0946
2001-07-23,6.0738
2001-07-24,5.9075
2001-07-25,6.0371
2001-07-26,6.0183
2001-07-27,6.0925
2001-07-30,6.0388
2001-07-31,6.1296
2001-08-01,6.1296
2001-08-02,6.1296
2001-08-03,6.0742
2001-08-06,6.2483
2001-08-07,6.2779
2001-08-08,6.4092
2001-08-09,6.3704
2001-08-10,6.5517
2001-08-13,6.445
2001-08-14,6.4258
2001-08-15,6.3892
2001-08-16,6.285
2001-08-17,6.1854
2001-08-20,6.2554
2001-08-21,6.1117
2001-08-22,6.3333
2001-08-23,6.2042
2001-08-24,6.3333
2001-08-27,6.3517
2001-08-28,6.2962
2001-08-29,6.3521
2001-08-30,6.4442
2001-08-31,6.2038
2001-09-03,6.0742
2001-09-04,6.0371
2001-09-05,6.1296
2001-09-06,6.0037
2001-09-07,2532810.0
2001-09-10,5.6671
2001-09-11,5.1483
2001-09-12,5.185
2001-09-13,4.8517
2001-09-14,4.815
2001-09-17,4.7446
2001-09-18,4.6308
2001-09-19,4.5925
2001-09-20,4.3704
2001-09-21,4.0554
2001-09-24,1710940.0
2001-09-25,4.1112
2001-09-26,3.8704
2001-09-27,3.8704
2001-09-28,4.0371
2001-10-01,3.9583
2001-10-02,3.8521
2001-10-03,3.6483
2001-10-04,3.6296
2001-10-05,3.7046
2001-10-08,3.7404
2001-10-09,3.7963
2001-10-10,3.945
2001-10-11,4.0371
2001-10-12,1703120.0
2001-10-15,4.2221
2001-10-16,4.3333
2001-10-17,4.3258
2001-10-18,4.2446
2001-10-19,4.3908
2001-10-22,4.3908
2001-10-23,4.3042
2001-10-24,4.0758
2001-10-25,4.185
2001-10-26,4.1758
2001-10-29,4.0667
2001-10-30,4.1483
2001-10-31,4.1483
2001-11-01,4.1117
2001-11-02,1734530.0
2001-11-05,4.2779
2001-11-06,4.5554
2001-11-07,4.7038
2001-11-08,4.485
2001-11-09,4.4629
2001-11-12,4.3375
2001-11-13,4.4333
2001-11-14,4.5921
2001-11-15,1937340.0
2001-11-16,4.8704
2001-11-19,4.865
2001-11-20,4.8925
2001-11-21,4.815
2001-11-22,4.815
2001-11-23,5.0371
2001-11-26,4.9925
2001-11-27,5.0462
2001-11-28,4.8779
2001-11-29,4.8517
2001-11-30,4.9075
2001-12-03,4.9817
2001-12-04,4.9258
2001-12-05,4.9612
2001-12-06,4.9075
2001-12-07,4.7962
2001-12-10,4.8483
2001-12-11,4.8629
2001-12-12,4.8333
2001-12-13,4.7925
2001-12-14,4.7038
2001-12-17,4.8225
2001-12-18,4.9446
2001-12-19,5.0
2001-12-20,4.9121
2001-12-21,5.0733
2001-12-24,2140310.0
2001-12-25,2140310.0
2001-12-26,4.9817
2001-12-27,4.9817
2001-12-28,4.8888
2001-12-31,2062500.0
2002-01-01,2062500.0
2002-01-02,4.8888
2002-01-03,5.0258
2002-01-04,5.1483
2002-01-07,5.0738
2002-01-08,4.9333
2002-01-09,4.9262
2002-01-10,4.8296
2002-01-11,4.7767
2002-01-14,4.5925
2002-01-15,4.5225
2002-01-16,4.685
2002-01-17,4.765
2002-01-18,4.9483
2002-01-21,5.0517
2002-01-22,5.0367
2002-01-23,5.0742
2002-01-24,4.9929
2002-01-25,2106410.0
2002-01-28,4.8038
2002-01-29,4.5554
2002-01-30,4.7408
2002-01-31,5.0371
2002-02-01,5.185
2002-02-04,5.1517
2002-02-05,5.2221
2002-02-06,5.2371
2002-02-07,5.185
2002-02-08,4.5783
2002-02-11,1931410.0
2002-02-12,1931410.0
2002-02-13,4.6183
2002-02-14,4.5329
2002-02-15,4.5221
2002-02-18,4.5183
2002-02-19,4.4817
2002-02-20,4.605
2002-02-21,4.6667
2002-02-22,4.7038
2002-02-25,4.8221
2002-02-26,4.7925
2002-02-27,4.915
2002-02-28,2073440.0
2002-03-01,5.035
2002-03-04,5.1479
2002-03-05,5.0079
2002-03-06,4.9242
2002-03-07,4.9304
2002-03-08,5.1112
2002-03-11,4.8517
2002-03-12,5.0004
2002-03-13,5.0742
2002-03-14,5.0012
2002-03-15,5.1446
2002-03-18,5.185
2002-03-19,5.2221
2002-03-20,5.1371
2002-03-21,4.985
2002-03-22,4.7779
2002-03-25,4.7404
2002-03-26,4.815
2002-03-27,4.785
2002-03-28,4.7408
2002-03-29,2000000.0
2002-04-01,4.7517
2002-04-02,4.7079
2002-04-03,4.8517
2002-04-04,5.0371
2002-04-05,5.1446
2002-04-08,5.0554
2002-04-09,5.0371
2002-04-10,5.0662
2002-04-11,5.0908
2002-04-12,5.0742
2002-04-15,4.9742
2002-04-16,5.1112
2002-04-17,5.3704
2002-04-18,5.5925
2002-04-19,5.6296
2002-04-22,5.5183
2002-04-23,5.5908
2002-04-24,5.5333
2002-04-25,5.6483
2002-04-26,5.3908
2002-04-29,5.4079
2002-04-30,5.3817
2002-05-01,2270310.0
2002-05-02,5.0742
2002-05-03,5.0183
2002-05-06,4.7408
2002-05-07,4.6667
2002-05-08,4.6967
2002-05-09,4.4817
2002-05-10,4.2954
2002-05-13,4.2592
2002-05-14,4.1962
2002-05-15,4.2104
2002-05-16,4.3592
2002-05-17,4.3113
2002-05-20,4.3079
2002-05-21,4.2446
2002-05-22,4.1667
2002-05-23,4.185
2002-05-24,4.1475
2002-05-27,4.1817
2002-05-28,4.1483
2002-05-29,4.1779
2002-05-30,1762500.0
2002-05-31,4.185
2002-06-03,4.1221
2002-06-04,4.1483
2002-06-05,4.1112
2002-06-06,3.885
2002-06-07,4.0742
2002-06-10,4.0742
2002-06-11,3.9029
2002-06-12,3.8358
2002-06-13,3.8521
2002-06-14,3.8333
2002-06-17,3.8888
2002-06-18,3.8888
2002-06-19,3.9517
2002-06-20,3.7779
2002-06-21,3.5779
2002-06-24,3.6592
2002-06-25,3.6296
2002-06-26,3.7033
2002-06-27,3.7037
2002-06-28,3.6971
2002-07-01,3.5887
2002-07-02,3.575
2002-07-03,3.5371
2002-07-04,3.5742
2002-07-05,3.4962
2002-07-08,3.5004
2002-07-09,1476720.0
2002-07-10,3.5183
2002-07-11,3.7221
2002-07-12,3.7037
2002-07-15,3.5558
2002-07-16,3.5
2002-07-17,3.5554
2002-07-18,3.7554
2002-07-19,3.5963
2002-07-22,3.4188
2002-07-23,3.4813
2002-07-24,3.4258
2002-07-25,3.3704
2002-07-26,3.285
2002-07-29,3.1779
2002-07-30,2.9813
2002-07-31,2.9629
2002-08-01,3.0742
2002-08-02,3.2667
2002-08-05,3.1517
2002-08-06,3.185
2002-08-07,3.3333
2002-08-08,3.3888
2002-08-09,3.1483
2002-08-12,3.115
2002-08-13,3.115
2002-08-14,3.1
2002-08-15,3.0092
2002-08-16,2.9817
2002-08-19,2.9217
2002-08-20,2.785
2002-08-21,2.8333
2002-08-22,2.9925
2002-08-23,2.9054
2002-08-26,2.9629
2002-08-27,3.0946
2002-08-28,3.1817
2002-08-29,3.1871
2002-08-30,3.1704
2002-09-02,3.1629
2002-09-03,3.1554
2002-09-04,3.1258
2002-09-05,3.0371
2002-09-06,2.9621
2002-09-09,3.0887
2002-09-10,3.0925
2002-09-11,3.1133
2002-09-12,3.1479
2002-09-13,3.1483
2002-09-16,3.0742
2002-09-17,3.1483
2002-09-18,3.1183
2002-09-19,3.0154
2002-09-20,3.0558
2002-09-23,2.9446
2002-09-24,2.9446
2002-09-25,3.0317
2002-09-26,3.0
2002-09-27,2.7771
2002-09-30,2.8879
2002-10-01,3.0554
2002-10-02,2.8704
2002-10-03,3.0183
2002-10-04,3.0925
2002-10-07,2.9817
2002-10-08,3.0
2002-10-09,2.9629
2002-10-10,3.0179
2002-10-11,3.0183
2002-10-14,2.8667
2002-10-15,2.8517
2002-10-16,2.7408
2002-10-17,2.8333
2002-10-18,2.8554
2002-10-21,2.885
2002-10-22,2.9204
2002-10-23,2.9775
2002-10-24,3.0075
2002-10-25,3.0971
2002-10-28,3.0738
2002-10-29,3.0375
2002-10-30,3.1475
2002-10-31,3.2517
2002-11-01,3.1871
2002-11-04,3.2221
2002-11-05,3.185
2002-11-06,3.0408
2002-11-07,3.0963
2002-11-08,3.1671
2002-11-11,3.1796
2002-11-12,3.1096
2002-11-13,3.1154
2002-11-14,3.1721
2002-11-15,1338280.0
2002-11-18,3.1704
2002-11-19,3.1479
2002-11-20,3.0917
2002-11-21,3.0333
2002-11-22,3.0054
2002-11-25,2.9308
2002-11-26,2.9221
2002-11-27,2.9383
2002-11-28,3.0296
2002-11-29,3.0742
2002-12-02,3.0742
2002-12-03,2.9629
2002-12-04,2.9517
2002-12-05,2.8779
2002-12-06,2.9258
2002-12-09,2.8446
2002-12-10,2.8517
2002-12-11,2.8704
2002-12-12,2.9554
2002-12-13,2.95
2002-12-16,2.9629
2002-12-17,3.015
2002-12-18,3.0963
2002-12-19,3.185
2002-12-20,3.2704
2002-12-23,3.2317
2002-12-24,1363440.0
2002-12-25,1363440.0
2002-12-26,3.23
2002-12-27,3.2671
2002-12-30,3.4075
2002-12-31,1437500.0
2003-01-01,1437500.0
2003-01-02,3.4446
2003-01-03,3.4592
2003-01-06,3.6112
2003-01-07,3.6296
2003-01-08,3.7371
2003-01-09,3.7779
2003-01-10,3.7037
2003-01-13,3.6517
2003-01-14,3.7
2003-01-15,3.5742
2003-01-16,3.5817
2003-01-17,3.5925
2003-01-20,3.5038
2003-01-21,3.3167
2003-01-22,3.3408
2003-01-23,3.3888
2003-01-24,3.3292
2003-01-27,3.1667
2003-01-28,3.1517
2003-01-29,3.13
2003-01-30,3.0929
2003-01-31,3.1821
2003-02-03,3.1667
2003-02-04,3.0054
2003-02-05,3.085
2003-02-06,3.0554
2003-02-07,3.0333
2003-02-10,3.1071
2003-02-11,3.1554
2003-02-12,3.2963
2003-02-13,3.1096
2003-02-14,3.1183
2003-02-17,3.0817
2003-02-18,3.0925
2003-02-19,2.9629
2003-02-20,2.9779
2003-02-21,2.9446
2003-02-24,2.8517
2003-02-25,2.7963
2003-02-26,2.7629
2003-02-27,2.8038
2003-02-28,2.8479
2003-03-03,1201410.0
2003-03-04,1201410.0
2003-03-05,2.7779
2003-03-06,2.9237
2003-03-07,3.0183
2003-03-10,2.8517
2003-03-11,2.8517
2003-03-12,1203120.0
2003-03-13,2.8888
2003-03-14,2.9462
2003-03-17,2.9925
2003-03-18,3.0258
2003-03-19,2.9258
2003-03-20,2.8596
2003-03-21,2.9167
2003-03-24,2.8942
2003-03-25,3.0113
2003-03-26,3.0004
2003-03-27,3.0075
2003-03-28,3.0083
2003-03-31,3.0187
2003-04-01,3.1279
2003-04-02,3.2446
2003-04-03,3.3963
2003-04-04,3.415
2003-04-07,3.5229
2003-04-08,3.5
2003-04-09,3.5183
2003-04-10,3.3783
2003-04-11,3.4433
2003-04-14,3.3983
2003-04-15,3.5146
2003-04-16,3.5179
2003-04-17,3.5963
2003-04-18,1517190.0
2003-04-21,1517190.0
2003-04-22,3.5742
2003-04-23,3.5817
2003-04-24,3.6
2003-04-25,3.6962
2003-04-28,3.6962
2003-04-29,3.7037
2003-04-30,3.815
2003-05-01,1609380.0
2003-05-02,3.8812
2003-05-05,3.7817
2003-05-06,3.7037
2003-05-07,3.7779
2003-05-08,3.8108
2003-05-09,4.0037
2003-05-12,3.9592
2003-05-13,4.0413
2003-05-14,4.0
2003-05-15,3.9983
2003-05-16,4.0363
2003-05-19,3.9617
2003-05-20,3.8896
2003-05-21,3.8517
2003-05-22,3.8392
2003-05-23,3.93
2003-05-26,3.815
2003-05-27,3.925
2003-05-28,3.9592
2003-05-29,4.0367
2003-05-30,4.0371
2003-06-02,4.0075
2003-06-03,3.9371
2003-06-04,4.0629
2003-06-05,4.2033
2003-06-06,4.2408
2003-06-09,4.2592
2003-06-10,4.2075
2003-06-11,4.2408
2003-06-12,4.2958
2003-06-13,4.2817
2003-06-16,4.3517
2003-06-17,4.2221
2003-06-18,4.1188
2003-06-19,1737660.0
2003-06-20,4.0054
2003-06-23,3.9925
2003-06-24,4.025
2003-06-25,3.8888
2003-06-26,3.7592
2003-06-27,3.7408
2003-06-30,3.815
2003-07-01,4.0742
2003-07-02,4.185
2003-07-03,4.0742
2003-07-04,3.9783
2003-07-07,3.9
2003-07-08,3.9446
2003-07-09,1664060.0
2003-07-10,3.8463
2003-07-11,3.8517
2003-07-14,3.9258
2003-07-15,3.9483
2003-07-16,3.9629
2003-07-17,4.0183
2003-07-18,4.0371
2003-07-21,4.185
2003-07-22,4.2592
2003-07-23,4.2592
2003-07-24,4.2225
2003-07-25,4.185
2003-07-28,4.2033
2003-07-29,4.1887
2003-07-30,4.185
2003-07-31,4.2038
2003-08-01,3.8704
2003-08-04,3.7258
2003-08-05,3.8329
2003-08-06,3.7779
2003-08-07,3.9817
2003-08-08,3.9188
2003-08-11,3.8963
2003-08-12,3.9183
2003-08-13,4.0258
2003-08-14,4.1483
2003-08-15,4.1554
2003-08-18,4.1221
2003-08-19,4.0371
2003-08-20,4.1483
2003-08-21,4.1429
2003-08-22,4.1667
2003-08-25,4.1592
2003-08-26,4.4433
2003-08-27,4.6592
2003-08-28,4.7408
2003-08-29,4.9258
2003-09-01,4.815
2003-09-02,4.8817
2003-09-03,4.7683
2003-09-04,4.7217
2003-09-05,4.8817
2003-09-08,4.7962
2003-09-09,4.7925
2003-09-10,4.9446
2003-09-11,5.0742
2003-09-12,5.0383
2003-09-15,4.9375
2003-09-16,5.0371
2003-09-17,5.0
2003-09-18,4.8888
2003-09-19,4.7962
2003-09-22,4.7483
2003-09-23,4.7296
2003-09-24,4.7038
2003-09-25,4.6704
2003-09-26,4.685
2003-09-29,4.685
2003-09-30,4.6642
2003-10-01,4.6712
2003-10-02,4.7408
2003-10-03,4.7408
2003-10-06,4.8704
2003-10-07,4.8371
2003-10-08,4.8517
2003-10-09,4.8446
2003-10-10,4.9258
2003-10-13,5.1038
2003-10-14,5.1112
2003-10-15,4.9871
2003-10-16,4.7704
2003-10-17,4.7592
2003-10-20,4.7413
2003-10-21,4.9258
2003-10-22,4.9779
2003-10-23,4.8113
2003-10-24,4.7613
2003-10-27,4.6442
2003-10-28,4.7038
2003-10-29,4.6667
2003-10-30,4.7038
2003-10-31,4.7442
2003-11-03,4.9329
2003-11-04,4.8888
2003-11-05,4.8158
2003-11-06,4.8746
2003-11-07,4.8767
2003-11-10,4.8517
2003-11-11,4.815
2003-11-12,4.8888
2003-11-13,4.8525
2003-11-14,4.8925
2003-11-17,4.8708
2003-11-18,4.9117
2003-11-19,4.9187
2003-11-20,4.9954
2003-11-21,4.93
2003-11-24,5.0704
2003-11-25,5.1
2003-11-26,5.2604
2003-11-27,5.3296
2003-11-28,5.415
2003-12-01,5.5371
2003-12-02,5.5779
2003-12-03,5.5925
2003-12-04,5.4575
2003-12-05,5.5742
2003-12-08,5.5746
2003-12-09,5.7629
2003-12-10,5.8883
2003-12-11,6.2038
2003-12-12,6.0375
2003-12-15,6.1258
2003-12-16,6.0321
2003-12-17,6.2221
2003-12-18,6.1854
2003-12-19,6.0375
2003-12-22,5.9446
2003-12-23,5.7779
2003-12-24,2437500.0
2003-12-25,2437500.0
2003-12-26,5.7817
2003-12-29,5.9446
2003-12-30,6.0446
2003-12-31,2550000.0
2004-01-01,2550000.0
2004-01-02,6.0742
2004-01-05,6.2592
2004-01-06,6.1221
2004-01-07,6.0
2004-01-08,6.185
2004-01-09,6.4629
2004-01-12,6.685
2004-01-13,6.7408
2004-01-14,6.5742
2004-01-15,6.6296
2004-01-16,6.4629
2004-01-19,6.4113
2004-01-20,6.1667
2004-01-21,6.2592
2004-01-22,6.0742
2004-01-23,5.8387
2004-01-26,5.6942
2004-01-27,5.815
2004-01-28,5.7775
2004-01-29,5.2962
2004-01-30,5.0
2004-02-02,5.2962
2004-02-03,5.3704
2004-02-04,5.2925
2004-02-05,5.3333
2004-02-06,5.5554
2004-02-09,5.6667
2004-02-10,5.4446
2004-02-11,5.7221
2004-02-12,5.5592
2004-02-13,5.3333
2004-02-16,5.2371
2004-02-17,5.13
2004-02-18,5.0554
2004-02-19,4.8075
2004-02-20,4.9446
2004-02-23,2085940.0
2004-02-24,2085940.0
2004-02-25,5.315
2004-02-26,5.4075
2004-02-27,5.6629
2004-03-01,5.9258
2004-03-02,5.8517
2004-03-03,5.7962
2004-03-04,5.5329
2004-03-05,5.5921
2004-03-08,5.635
2004-03-09,5.4387
2004-03-10,5.2042
2004-03-11,5.0779
2004-03-12,5.2779
2004-03-15,5.3517
2004-03-16,5.3888
2004-03-17,5.2779
2004-03-18,5.285
2004-03-19,5.185
2004-03-22,5.0483
2004-03-23,4.9258
2004-03-24,4.9204
2004-03-25,4.9262
2004-03-26,5.2
2004-03-29,5.0742
2004-03-30,5.1112
2004-03-31,5.2796
2004-04-01,5.5183
2004-04-02,5.5925
2004-04-05,5.685
2004-04-06,5.6038
2004-04-07,5.2221
2004-04-08,5.3742
2004-04-09,2267190.0
2004-04-12,5.4446
2004-04-13,5.4258
2004-04-14,5.5183
2004-04-15,5.3721
2004-04-16,5.2779
2004-04-19,5.2592
2004-04-20,5.1871
2004-04-21,2188280.0
2004-04-22,5.3521
2004-04-23,2257970.0
2004-04-26,5.2958
2004-04-27,5.4171
2004-04-28,5.1483
2004-04-29,4.9629
2004-04-30,4.9629
2004-05-03,4.9742
2004-05-04,5.2004
2004-05-05,5.3704
2004-05-06,5.185
2004-05-07,5.015
2004-05-10,4.8721
2004-05-11,5.0371
2004-05-12,4.8892
2004-05-13,4.7038
2004-05-14,4.815
2004-05-17,4.5604
2004-05-18,4.5371
2004-05-19,4.5575
2004-05-20,4.335
2004-05-21,4.4096
2004-05-24,4.4075
2004-05-25,4.3354
2004-05-26,4.4446
2004-05-27,4.5558
2004-05-28,4.4367
2004-05-31,4.3925
2004-06-01,4.4629
2004-06-02,4.6112
2004-06-03,4.5188
2004-06-04,4.6333
2004-06-07,4.8333
2004-06-08,4.7962
2004-06-09,4.6483
2004-06-10,1960940.0
2004-06-11,4.6558
2004-06-14,4.6258
2004-06-15,4.7592
2004-06-16,4.7962
2004-06-17,4.8146
2004-06-18,4.9258
2004-06-21,4.8196
2004-06-22,4.7817
2004-06-23,4.8333
2004-06-24,4.7408
2004-06-25,4.7333
2004-06-28,4.7783
2004-06-29,4.8525
2004-06-30,4.9629
2004-07-01,5.0329
2004-07-02,5.185
2004-07-05,5.1117
2004-07-06,5.1075
2004-07-07,5.1483
2004-07-08,5.0388
2004-07-09,2125780.0
2004-07-12,5.1483
2004-07-13,5.0554
2004-07-14,5.0308
2004-07-15,5.1188
2004-07-16,5.405
2004-07-19,5.3913
2004-07-20,5.3704
2004-07-21,5.115
2004-07-22,5.2408
2004-07-23,5.2042
2004-07-26,4.9992
2004-07-27,5.1483
2004-07-28,5.37
2004-07-29,5.3071
2004-07-30,5.1858
2004-08-02,5.2962
2004-08-03,5.1183
2004-08-04,5.0854
2004-08-05,4.9113
2004-08-06,5.0004
2004-08-09,4.8925
2004-08-10,5.0117
2004-08-11,4.9221
2004-08-12,4.8183
2004-08-13,4.7171
2004-08-16,4.9575
2004-08-17,4.9929
2004-08-18,5.2038
2004-08-19,5.3288
2004-08-20,5.4462
2004-08-23,5.2667
2004-08-24,5.37
2004-08-25,5.3
2004-08-26,5.1292
2004-08-27,5.0746
2004-08-30,5.2558
2004-08-31,5.1604
2004-09-01,4.9817
2004-09-02,4.9504
2004-09-03,4.9171
2004-09-06,4.8333
2004-09-07,2039060.0
2004-09-08,4.8925
2004-09-09,4.8358
2004-09-10,4.7371
2004-09-13,4.7112
2004-09-14,4.9075
2004-09-15,4.9279
2004-09-16,5.1279
2004-09-17,5.0742
2004-09-20,5.0004
2004-09-21,5.0283
2004-09-22,5.0
2004-09-23,4.9854
2004-09-24,5.0371
2004-09-27,5.0258
2004-09-28,5.1817
2004-09-29,4.9262
2004-09-30,4.9637
2004-10-01,5.0371
2004-10-04,5.1258
2004-10-05,5.1258
2004-10-06,5.0371
2004-10-07,5.0004
2004-10-08,4.9296
2004-10-11,4.9446
2004-10-12,2085940.0
2004-10-13,4.8517
2004-10-14,4.8517
2004-10-15,4.8113
2004-10-18,4.7225
2004-10-19,4.5992
2004-10-20,4.5925
2004-10-21,4.7
2004-10-22,4.5696
2004-10-25,4.39
2004-10-26,4.5225
2004-10-27,4.385
2004-10-28,4.2896
2004-10-29,4.2962
2004-11-01,4.5304
2004-11-03,4.7958
2004-11-04,4.8517
2004-11-05,4.815
2004-11-08,4.8663
2004-11-09,4.9183
2004-11-10,4.8517
2004-11-11,4.9067
2004-11-12,4.9258
2004-11-15,2078120.0
2004-11-16,4.9629
2004-11-17,5.185
2004-11-18,5.1112
2004-11-19,5.1667
2004-11-22,5.3888
2004-11-23,5.4446
2004-11-24,5.7033
2004-11-25,5.5554
2004-11-26,5.4446
2004-11-29,5.3329
2004-11-30,5.4067
2004-12-01,5.4742
2004-12-02,5.5963
2004-12-03,5.5925
2004-12-06,5.5742
2004-12-07,5.4183
2004-12-08,5.5167
2004-12-09,5.4442
2004-12-10,5.6292
2004-12-13,5.5738
2004-12-14,5.5925
2004-12-15,5.585
2004-12-16,5.6296
2004-12-17,5.5783
2004-12-20,5.515
2004-12-21,5.5925
2004-12-22,5.5925
2004-12-23,5.7408
2004-12-24,2421880.0
2004-12-27,5.7596
2004-12-28,5.835
2004-12-29,5.835
2004-12-30,5.8317
2004-12-31,2460160.0
2005-01-03,5.5371
2005-01-04,5.5183
2005-01-05,5.6483
2005-01-06,5.5371
2005-01-07,5.5592
2005-01-10,5.3888
2005-01-11,5.5371
2005-01-12,5.5254
2005-01-13,5.5925
2005-01-14,5.5554
2005-01-17,5.4258
2005-01-18,5.3342
2005-01-19,5.5188
2005-01-20,5.3333
2005-01-21,5.1925
2005-01-24,5.1517
2005-01-26,5.3063
2005-01-27,5.2296
2005-01-28,5.075
2005-01-31,5.1183
2005-02-01,5.0183
2005-02-02,5.0446
2005-02-03,5.315
2005-02-04,5.6671
2005-02-09,5.5183
2005-02-10,5.4442
2005-02-11,5.445
2005-02-14,5.5554
2005-02-15,5.4446
2005-02-16,5.6296
2005-02-17,5.7408
2005-02-18,5.7629
2005-02-21,5.8333
2005-02-22,5.6296
2005-02-23,5.7779
2005-02-24,5.915
2005-02-25,5.7112
2005-02-28,5.8146
2005-03-01,5.925
2005-03-02,5.815
2005-03-03,5.815
2005-03-04,5.8296
2005-03-07,6.0704
2005-03-08,6.0
2005-03-09,5.7038
2005-03-10,5.7775
2005-03-11,5.6112
2005-03-14,5.7033
2005-03-15,5.5554
2005-03-16,5.6667
2005-03-17,5.5554
2005-03-18,5.515
2005-03-21,5.4779
2005-03-22,5.1296
2005-03-23,5.0
2005-03-24,5.0467
2005-03-28,4.8333
2005-03-29,4.6333
2005-03-30,4.8296
2005-03-31,4.8242
2005-04-01,4.8742
2005-04-04,4.7408
2005-04-05,4.6779
2005-04-06,4.6371
2005-04-07,4.885
2005-04-08,4.7587
2005-04-11,4.6779
2005-04-12,4.7962
2005-04-13,4.9183
2005-04-14,4.5742
2005-04-15,4.5258
2005-04-18,4.4967
2005-04-19,4.8658
2005-04-20,4.8517
2005-04-22,4.6671
2005-04-25,4.7408
2005-04-26,4.8629
2005-04-27,4.9817
2005-04-28,4.8888
2005-04-29,4.8704
2005-05-02,4.9629
2005-05-03,5.0379
2005-05-04,5.2592
2005-05-05,5.2221
2005-05-06,5.2554
2005-05-09,5.1483
2005-05-10,5.0004
2005-05-11,4.9629
2005-05-12,4.9817
2005-05-13,4.9258
2005-05-16,5.0371
2005-05-17,5.0742
2005-05-18,5.1258
2005-05-19,5.0925
2005-05-20,5.185
2005-05-23,5.0925
2005-05-24,5.0371
2005-05-25,5.2592
2005-05-27,5.4071
2005-05-30,5.4258
2005-05-31,5.2592
2005-06-01,5.5
2005-06-02,5.7033
2005-06-03,5.6296
2005-06-06,5.4629
2005-06-07,5.315
2005-06-08,5.4075
2005-06-09,5.185
2005-06-10,5.2629
2005-06-13,5.1854
2005-06-14,5.4083
2005-06-15,5.3333
2005-06-16,5.3517
2005-06-17,5.3333
2005-06-20,5.2779
2005-06-21,5.2962
2005-06-22,5.3258
2005-06-23,5.1408
2005-06-24,5.2408
2005-06-27,5.2221
2005-06-28,5.2221
2005-06-29,5.2413
2005-06-30,5.2404
2005-07-01,5.2592
2005-07-04,5.1296
2005-07-05,5.1817
2005-07-06,5.185
2005-07-07,5.1408
2005-07-08,5.1696
2005-07-11,5.2962
2005-07-12,5.4817
2005-07-13,5.4963
2005-07-14,5.4629
2005-07-15,5.2592
2005-07-18,5.2779
2005-07-19,5.2483
2005-07-20,5.2592
2005-07-21,5.1287
2005-07-22,5.0054
2005-07-25,4.8521
2005-07-26,5.185
2005-07-27,5.1667
2005-07-28,5.3333
2005-07-29,5.4075
2005-08-01,5.3704
2005-08-02,5.4817
2005-08-03,5.445
2005-08-04,5.5371
2005-08-05,5.5554
2005-08-08,5.5554
2005-08-09,5.6296
2005-08-10,5.7779
2005-08-11,5.6038
2005-08-12,5.7408
2005-08-15,5.6667
2005-08-16,5.5554
2005-08-17,5.5554
2005-08-18,5.4483
2005-08-19,5.5
2005-08-22,5.5554
2005-08-23,5.4925
2005-08-24,5.4667
2005-08-25,5.4804
2005-08-26,5.4817
2005-08-29,5.345
2005-08-30,5.3704
2005-08-31,5.4812
2005-09-01,5.4446
2005-09-02,5.5
2005-09-05,5.5613
2005-09-06,5.5183
2005-09-08,5.3579
2005-09-09,5.4483
2005-09-12,5.4371
2005-09-13,5.3171
2005-09-14,5.3592
2005-09-15,5.3221
2005-09-16,5.5258
2005-09-19,5.6667
2005-09-20,5.7779
2005-09-21,5.8704
2005-09-22,5.8004
2005-09-23,5.7962
2005-09-26,5.7413
2005-09-27,5.6667
2005-09-28,5.7408
2005-09-29,5.6667
2005-09-30,5.8292
2005-10-03,5.6667
2005-10-04,5.8333
2005-10-05,5.7038
2005-10-06,5.4446
2005-10-07,5.555
2005-10-10,5.5054
2005-10-11,5.4521
2005-10-13,5.3704
2005-10-14,5.2833
2005-10-17,5.4817
2005-10-18,5.4258
2005-10-19,5.4817
2005-10-20,5.3629
2005-10-21,5.4925
2005-10-24,5.5183
2005-10-25,5.3408
2005-10-26,5.4621
2005-10-27,5.3446
2005-10-28,5.3517
2005-10-31,5.3296
2005-11-01,5.3833
2005-11-03,5.5408
2005-11-04,5.3221
2005-11-07,5.2633
2005-11-08,5.2667
2005-11-09,5.3967
2005-11-10,5.4075
2005-11-11,5.4075
2005-11-14,5.3333
2005-11-16,5.3258
2005-11-17,5.2779
2005-11-18,5.2238
2005-11-21,5.3033
2005-11-22,5.2221
2005-11-23,5.2033
2005-11-24,5.3883
2005-11-25,5.2871
2005-11-28,5.1225
2005-11-29,5.1483
2005-11-30,5.1483
2005-12-01,5.2221
2005-12-02,5.2683
2005-12-05,5.2779
2005-12-06,5.4425
2005-12-07,5.4258
2005-12-08,5.3888
2005-12-09,5.4992
2005-12-12,5.6217
2005-12-13,5.7038
2005-12-14,5.7463
2005-12-15,5.7779
2005-12-16,5.8496
2005-12-19,5.8258
2005-12-20,5.8517
2005-12-21,5.8146
2005-12-22,5.815
2005-12-23,5.8517
2005-12-26,5.8629
2005-12-27,5.9258
2005-12-28,5.8721
2005-12-29,5.815
2006-01-02,5.7371
2006-01-03,5.9075
2006-01-04,5.9258
2006-01-05,5.8296
2006-01-06,5.7408
2006-01-09,5.7333
2006-01-10,5.7779
2006-01-11,6.0
2006-01-12,6.4037
2006-01-13,6.5183
2006-01-16,6.7408
2006-01-17,6.5742
2006-01-18,6.4446
2006-01-19,6.7775
2006-01-20,6.5929
2006-01-23,6.5742
2006-01-24,6.6296
2006-01-25,2796880.0
2006-01-26,6.8517
2006-01-27,7.0008
2006-01-30,6.8258
2006-01-31,6.815
2006-02-01,6.6296
2006-02-02,6.3704
2006-02-03,6.5
2006-02-06,6.4075
2006-02-07,6.2296
2006-02-08,6.1408
2006-02-09,6.315
2006-02-10,6.4
2006-02-13,6.2221
2006-02-14,6.0963
2006-02-15,6.185
2006-02-16,6.2704
2006-02-17,6.3517
2006-02-20,6.2962
2006-02-21,6.285
2006-02-22,6.2592
2006-02-23,6.2029
2006-02-24,6.2408
2006-02-28,2673440.0
2006-03-01,6.4529
2006-03-02,6.4629
2006-03-03,6.415
2006-03-06,6.3704
2006-03-07,6.1962
2006-03-08,6.1483
2006-03-09,6.2592
2006-03-10,6.2629
2006-03-13,6.2221
2006-03-14,6.2737
2006-03-15,6.2925
2006-03-16,6.2779
2006-03-17,6.3333
2006-03-20,6.3704
2006-03-21,6.4446
2006-03-22,6.4446
2006-03-23,6.4629
2006-03-24,6.3742
2006-03-27,6.585
2006-03-28,6.4075
2006-03-29,6.6296
2006-03-30,6.7779
2006-03-31,7.0742
2006-04-03,7.3704
2006-04-04,7.2962
2006-04-05,7.2704
2006-04-06,7.2408
2006-04-07,7.2962
2006-04-10,7.3888
2006-04-11,7.215
2006-04-12,7.2221
2006-04-13,7.0742
2006-04-14,2984380.0
2006-04-17,7.1483
2006-04-18,7.4517
2006-04-19,7.5371
2006-04-20,7.4258
2006-04-21,3132810.0
2006-04-24,7.4075
2006-04-25,7.4037
2006-04-26,7.5183
2006-04-27,7.3704
2006-04-28,7.5554
2006-05-02,7.7404
2006-05-03,7.6371
2006-05-04,7.5554
2006-05-05,7.7217
2006-05-08,8.0558
2006-05-09,8.0558
2006-05-10,8.1117
2006-05-11,8.0367
2006-05-12,7.7779
2006-05-15,7.685
2006-05-16,7.5925
2006-05-17,7.6112
2006-05-18,3187500.0
2006-05-19,3187500.0
2006-05-22,3123440.0
2006-05-23,7.4037
2006-05-24,7.4075
2006-05-25,7.4063
2006-05-26,7.6667
2006-05-29,3217500.0
2006-05-30,7.6267
2006-05-31,7.4817
2006-06-01,7.5258
2006-06-02,7.8888
2006-06-05,7.8867
2006-06-06,7.685
2006-06-07,7.5037
2006-06-08,7.3696
2006-06-09,7.185
2006-06-12,7.3371
2006-06-13,6.8888
2006-06-14,6.7038
2006-06-15,2718750.0
2006-06-16,6.4446
2006-06-19,6.8333
2006-06-20,6.8333
2006-06-21,6.815
2006-06-22,6.815
2006-06-23,6.7783
2006-06-26,2985940.0
2006-06-27,7.0779
2006-06-28,7.2408
2006-06-29,7.0371
2006-06-30,7.4817
2006-07-03,7.5
2006-07-04,7.6667
2006-07-05,7.6296
2006-07-06,7.5183
2006-07-07,7.7779
2006-07-10,7.5925
2006-07-11,7.6258
2006-07-12,7.5887
2006-07-13,7.4446
2006-07-14,7.4075
2006-07-17,3093750.0
2006-07-18,7.2112
2006-07-19,7.3704
2006-07-20,3242190.0
2006-07-21,7.685
2006-07-24,7.7038
2006-07-25,3343750.0
2006-07-26,3335940.0
2006-07-27,3359380.0
2006-07-28,7.9629
2006-07-31,8.0742
2006-08-01,8.0371
2006-08-02,7.8704
2006-08-03,7.9721
2006-08-04,8.0183
2006-08-07,8.3667
2006-08-08,8.2963
2006-08-09,8.4075
2006-08-10,8.5667
2006-08-11,3560940.0
2006-08-14,8.4408
2006-08-15,8.5
2006-08-16,8.2967
2006-08-17,8.2221
2006-08-18,8.5183
2006-08-21,8.5463
2006-08-22,8.5554
2006-08-23,8.4817
2006-08-24,8.1483
2006-08-25,8.1962
2006-08-28,8.2221
2006-08-29,8.5554
2006-08-30,8.5925
2006-08-31,8.5925
2006-09-01,8.7046
2006-09-04,9.1038
2006-09-05,9.4817
2006-09-06,9.1112
2006-09-07,3796880.0
2006-09-08,9.0
2006-09-11,8.8888
2006-09-12,8.9446
2006-09-13,3807810.0
2006-09-14,9.0
2006-09-15,8.8888
2006-09-18,9.1667
2006-09-19,9.1483
2006-09-20,3835940.0
2006-09-21,9.0925
2006-09-22,8.9258
2006-09-25,3867190.0
2006-09-26,9.1846
2006-09-27,9.5925
2006-09-28,9.3704
2006-09-29,9.0742
2006-10-02,4054690.0
2006-10-03,9.5183
2006-10-04,9.8883
2006-10-05,9.8721
2006-10-06,9.7629
2006-10-09,9.9733
2006-10-10,9.7592
2006-10-11,9.9075
2006-10-12,4179690.0
2006-10-13,9.8521
2006-10-16,9.9258
2006-10-17,9.7871
2006-10-18,9.6483
2006-10-19,9.5925
2006-10-20,9.685
2006-10-23,9.8146
2006-10-24,9.7225
2006-10-25,9.5929
2006-10-26,3968750.0
2006-10-27,9.2596
2006-10-30,9.4817
2006-10-31,9.5737
2006-11-01,9.6508
2006-11-02,4071410.0
2006-11-03,9.5925
2006-11-06,4017190.0
2006-11-07,9.6287
2006-11-08,9.485
2006-11-09,9.4467
2006-11-10,9.4821
2006-11-13,3939220.0
2006-11-14,9.7221
2006-11-15,4101560.0
2006-11-16,9.6296
2006-11-17,9.6667
2006-11-20,4078120.0
2006-11-21,4077500.0
2006-11-22,9.6296
2006-11-23,4062500.0
2006-11-24,9.615
2006-11-27,4023440.0
2006-11-28,9.5183
2006-11-29,9.7037
2006-11-30,9.6667
2006-12-01,9.5183
2006-12-04,9.6667
2006-12-05,9.7046
2006-12-06,9.7446
2006-12-07,9.8038
2006-12-08,9.6946
2006-12-11,9.7958
2006-12-12,9.7779
2006-12-13,11.6533
2006-12-14,4578120.0
2006-12-15,10.8888
2006-12-18,10.5742
2006-12-19,4515620.0
2006-12-20,10.7037
2006-12-21,11.0367
2006-12-22,11.0
2006-12-26,4653910.0
2006-12-27,11.0554
2006-12-28,10.8517
2007-01-02,10.9767
2007-01-03,10.9446
2007-01-04,10.8888
2007-01-05,10.2592
2007-01-08,9.8517
2007-01-09,9.8704
2007-01-10,4046720.0
2007-01-11,9.5554
2007-01-12,9.705
2007-01-15,4218750.0
2007-01-16,9.9629
2007-01-17,4202500.0
2007-01-18,4235160.0
2007-01-19,10.2037
2007-01-22,10.4071
2007-01-23,4273440.0
2007-01-24,4203120.0
2007-01-26,10.0087
2007-01-29,4178910.0
2007-01-30,9.8888
2007-01-31,4218750.0
2007-02-01,4468750.0
2007-02-02,10.6667
2007-02-05,10.8517
2007-02-06,4632810.0
2007-02-07,4578120.0
2007-02-08,4578120.0
2007-02-09,10.6854
2007-02-12,4546250.0
2007-02-13,4679690.0
2007-02-14,11.0925
2007-02-15,11.0371
2007-02-16,11.1129
2007-02-21,11.0
2007-02-22,10.9304
2007-02-23,4632970.0
2007-02-26,4718750.0
2007-02-27,11.1483
2007-02-28,4429840.0
2007-03-01,11.0367
2007-03-02,10.5517
2007-03-05,4296720.0
2007-03-06,10.815
2007-03-07,4551560.0
2007-03-08,4625000.0
2007-03-09,10.9629
2007-03-12,4452970.0
2007-03-13,10.2517
2007-03-14,10.3737
2007-03-15,10.2367
2007-03-16,10.0742
2007-03-19,10.3696
2007-03-20,10.4075
2007-03-21,10.7779
2007-03-22,10.7967
2007-03-23,10.7662
2007-03-26,10.8517
2007-03-27,10.5638
2007-03-28,10.5188
2007-03-29,10.5092
2007-03-30,10.3333
2007-04-02,10.1483
2007-04-03,10.4075
2007-04-04,10.5917
2007-04-05,10.4296
2007-04-09,10.4446
2007-04-10,10.345
2007-04-11,10.4075
2007-04-12,10.4446
2007-04-13,10.4446
2007-04-16,10.4258
2007-04-17,4361250.0
2007-04-18,10.3888
2007-04-19,10.315
2007-04-20,4328120.0
2007-04-23,10.2579
2007-04-24,10.3371
2007-04-25,10.5554
2007-04-26,10.4446
2007-04-27,10.4817
2007-04-30,10.1871
2007-05-02,4281410.0
2007-05-03,10.1483
2007-05-04,10.3704
2007-05-07,4631250.0
2007-05-08,4632810.0
2007-05-09,10.8888
2007-05-10,10.8517
2007-05-11,11.1104
2007-05-14,11.0188
2007-05-15,11.1112
2007-05-16,11.2779
2007-05-17,11.2967
2007-05-18,11.5554
2007-05-21,11.3333
2007-05-22,11.1117
2007-05-23,11.5467
2007-05-24,11.4446
2007-05-25,11.7408
2007-05-28,11.815
2007-05-29,11.8592
2007-05-30,12.0742
2007-05-31,11.5183
2007-06-01,11.6667
2007-06-04,13.0667
2007-06-05,12.7533
2007-06-06,12.47
2007-06-08,12.78
2007-06-11,12.8333
2007-06-12,12.6667
2007-06-13,12.8333
2007-06-14,13.7333
2007-06-15,14.5
2007-06-18,14.83
2007-06-19,14.45
2007-06-20,14.6367
2007-06-21,14.4567
2007-06-22,14.0833
2007-06-25,14.1667
2007-06-26,14.3333
2007-06-27,14.2633
2007-06-28,13.8333
2007-06-29,14.0067
2007-07-02,14.35
2007-07-03,14.9167
2007-07-04,15.06
2007-07-05,14.5333
2007-07-06,15.0
2007-07-10,15.4
2007-07-11,15.3833
2007-07-12,16.05
2007-07-13,15.7433
2007-07-16,15.8233
2007-07-17,15.7033
2007-07-18,15.1967
2007-07-19,15.6667
2007-07-20,15.4767
2007-07-23,15.89
2007-07-24,15.0667
2007-07-25,15.4567
2007-07-26,14.6667
2007-07-27,14.4233
2007-07-30,14.5
2007-07-31,15.08
2007-08-01,15.1633
2007-08-02,16.0333
2007-08-03,16.1367
2007-08-06,15.9567
2007-08-07,15.6667
2007-08-08,15.7867
2007-08-09,14.55
2007-08-10,14.7167
2007-08-13,14.7233
2007-08-14,13.9967
2007-08-15,13.9167
2007-08-16,13.8333
2007-08-17,13.8367
2007-08-20,14.8333
2007-08-21,15.0
2007-08-22,15.42
2007-08-23,15.6667
2007-08-24,15.8167
2007-08-27,15.35
2007-08-28,15.4267
2007-08-29,15.8333
2007-08-30,15.7033
2007-08-31,15.9333
2007-09-03,15.6067
2007-09-04,15.8267
2007-09-05,15.83
2007-09-06,15.7167
2007-09-10,15.17
2007-09-11,15.28
2007-09-12,15.2167
2007-09-13,15.2033
2007-09-14,15.27
2007-09-17,15.0
2007-09-18,15.4167
2007-09-19,15.34
2007-09-20,15.4067
2007-09-21,15.58
2007-09-24,15.9
2007-09-25,16.0033
2007-09-26,16.3033
2007-09-27,16.5
2007-09-28,16.1433
2007-10-01,15.7
2007-10-02,15.9133
2007-10-03,15.7167
2007-10-04,15.9
2007-10-05,15.6367
2007-10-08,15.7367
2007-10-09,15.7367
2007-10-10,15.9533
2007-10-11,15.9167
2007-10-15,15.18
2007-10-16,15.16
2007-10-17,15.3333
2007-10-18,15.38
2007-10-19,15.2333
2007-10-22,14.7
2007-10-23,14.7333
2007-10-24,15.2
2007-10-25,15.0033
2007-10-26,14.72
2007-10-29,15.7167
2007-10-30,15.8333
2007-10-31,15.2333
2007-11-01,14.8667
2007-11-05,14.5567
2007-11-06,14.6667
2007-11-07,14.4667
2007-11-08,13.9
2007-11-09,14.0733
2007-11-12,13.8333
2007-11-13,14.4833
2007-11-14,14.2333
2007-11-16,14.6667
2007-11-19,14.5833
2007-11-21,14.6033
2007-11-22,14.9
2007-11-23,14.7667
2007-11-26,14.7
2007-11-27,14.7167
2007-11-28,15.05
2007-11-29,15.16
2007-11-30,14.8
2007-12-03,14.4
2007-12-04,14.5
2007-12-05,14.7333
2007-12-06,14.5
2007-12-07,14.5533
2007-12-10,14.6667
2007-12-11,14.2
2007-12-12,14.06
2007-12-13,14.1533
2007-12-14,13.8333
2007-12-17,13.1333
2007-12-18,13.6
2007-12-19,13.84
2007-12-20,13.5
2007-12-21,14.3333
2007-12-26,14.4033
2007-12-27,14.21
2007-12-28,13.71
2008-01-02,13.8667
2008-01-03,14.2467
2008-01-04,13.98
2008-01-07,13.8333
2008-01-08,13.8667
2008-01-09,14.3333
2008-01-10,14.05
2008-01-11,14.2033
2008-01-14,14.15
2008-01-15,13.8333
2008-01-16,13.47
2008-01-17,12.6867
2008-01-18,12.5667
2008-01-21,11.43
2008-01-22,12.2733
2008-01-23,11.7
2008-01-24,12.1933
2008-01-28,12.3833
2008-01-29,12.4033
2008-01-30,12.5967
2008-01-31,12.3867
2008-02-01,12.7867
2008-02-06,12.9333
2008-02-07,12.6633
2008-02-08,12.3333
2008-02-11,12.4333
2008-02-12,12.6667
2008-02-13,12.4867
2008-02-14,12.4333
2008-02-15,12.3
2008-02-18,12.3667
2008-02-19,12.2367
2008-02-20,12.5333
2008-02-21,12.6367
2008-02-22,12.9333
2008-02-25,13.1633
2008-02-26,12.87
2008-02-27,13.4333
2008-02-28,13.6667
2008-02-29,13.4
2008-03-03,13.36
2008-03-04,13.5167
2008-03-05,13.2333
2008-03-06,13.0367
2008-03-07,12.9333
2008-03-10,12.6667
2008-03-11,13.4367
2008-03-12,13.4
2008-03-13,13.2867
2008-03-14,13.1967
2008-03-17,13.0333
2008-03-18,13.5333
2008-03-19,12.96
2008-03-20,12.5333
2008-03-24,13.0333
2008-03-25,13.0033
2008-03-26,12.9667
2008-03-27,12.9133
2008-03-28,12.9167
2008-03-31,12.87
2008-04-01,12.8833
2008-04-02,13.1667
2008-04-03,13.2033
2008-04-04,13.4833
2008-04-07,13.4167
2008-04-08,13.46
2008-04-09,13.2533
2008-04-10,13.14
2008-04-11,12.9
2008-04-14,13.13
2008-04-15,13.2333
2008-04-16,13.1633
2008-04-17,13.4
2008-04-18,13.73
2008-04-22,13.5633
2008-04-23,13.63
2008-04-24,13.9033
2008-04-25,14.33
2008-04-28,14.1933
2008-04-29,13.9367
2008-04-30,13.87
2008-05-02,14.7667
2008-05-05,15.2267
2008-05-06,15.1267
2008-05-07,15.0033
2008-05-08,15.12
2008-05-09,14.98
2008-05-12,15.26
2008-05-13,15.26
2008-05-14,15.1467
2008-05-15,15.5
2008-05-16,15.32
2008-05-19,15.2867
2008-05-20,15.1867
2008-05-21,14.83
2008-05-23,14.75
2008-05-26,14.53
2008-05-27,14.8933
2008-05-28,15.4
2008-05-29,15.4
2008-05-30,15.3167
2008-06-02,15.3167
2008-06-03,14.3333
2008-06-04,13.6167
2008-06-05,14.0667
2008-06-06,14.65
2008-06-09,14.5
2008-06-10,14.4167
2008-06-11,14.4667
2008-06-12,14.1667
2008-06-13,14.1167
2008-06-16,13.8667
2008-06-17,14.0133
2008-06-18,14.25
2008-06-19,14.3667
2008-06-20,13.9333
2008-06-23,13.6667
2008-06-24,13.4333
2008-06-25,13.4
2008-06-26,13.1667
2008-06-27,13.3333
2008-06-30,13.6667
2008-07-01,13.6267
2008-07-02,13.3167
2008-07-03,12.7167
2008-07-04,12.6667
2008-07-07,12.93
2008-07-08,13.1333
2008-07-10,13.5
2008-07-11,13.55
2008-07-14,13.48
2008-07-15,13.4467
2008-07-16,14.05
2008-07-17,13.8233
2008-07-18,13.6667
2008-07-21,14.4
2008-07-22,14.0
2008-07-23,14.1367
2008-07-24,13.4867
2008-07-25,13.1333
2008-07-28,13.0667
2008-07-29,13.0933
2008-07-30,13.0033
2008-07-31,12.9533
2008-08-01,12.95
2008-08-04,13.0833
2008-08-05,13.5833
2008-08-06,13.9
2008-08-07,13.6667
2008-08-08,13.4933
2008-08-11,12.6033
2008-08-12,12.2733
2008-08-13,12.2633
2008-08-14,12.7133
2008-08-15,12.54
2008-08-18,12.54
2008-08-19,12.4967
2008-08-20,12.5667
2008-08-21,12.7167
2008-08-22,12.55
2008-08-25,12.6667
2008-08-26,11.8667
2008-08-27,12.1667
2008-08-28,12.6667
2008-08-29,12.2967
2008-09-01,12.0833
2008-09-02,11.9933
2008-09-03,11.5
2008-09-04,11.5233
2008-09-05,11.3333
2008-09-08,11.6
2008-09-09,10.9633
2008-09-10,11.2133
2008-09-11,11.4767
2008-09-12,11.4067
2008-09-15,10.7333
2008-09-16,10.2367
2008-09-17,9.3867
2008-09-18,9.7033
2008-09-19,10.8333
2008-09-22,10.0667
2008-09-23,9.6067
2008-09-24,9.5833
2008-09-25,10.16
2008-09-26,9.8333
2008-09-29,8.3667
2008-09-30,8.7833
2008-10-01,9.0433
2008-10-02,9.0767
2008-10-03,8.43
2008-10-06,8.1667
2008-10-07,7.6667
2008-10-08,7.6833
2008-10-09,7.0
2008-10-10,6.6833
2008-10-13,7.65
2008-10-14,8.3333
2008-10-15,7.3333
2008-10-16,7.1567
2008-10-17,7.0267
2008-10-20,8.05
2008-10-21,7.6933
2008-10-22,7.07
2008-10-23,6.52
2008-10-24,6.7333
2008-10-27,6.0367
2008-10-28,6.9233
2008-10-29,7.3333
2008-10-30,7.9533
2008-10-31,8.3333
2008-11-03,8.7933
2008-11-04,8.7167
2008-11-05,8.2967
2008-11-06,8.1167
2008-11-07,8.0233
2008-11-10,8.41
2008-11-11,8.2133
2008-11-12,7.8833
2008-11-13,8.58
2008-11-14,8.3867
2008-11-17,8.46
2008-11-18,8.6267
2008-11-19,8.1
2008-11-21,7.3333
2008-11-24,7.6667
2008-11-25,7.4167
2008-11-26,7.7067
2008-11-27,7.5333
2008-11-28,7.8067
2008-12-01,7.28
2008-12-02,7.6333
2008-12-03,7.8433
2008-12-04,7.7967
2008-12-05,7.9633
2008-12-08,8.36
2008-12-09,8.5667
2008-12-10,8.8333
2008-12-11,8.5
2008-12-12,8.91
2008-12-15,8.97
2008-12-16,9.5333
2008-12-17,9.2333
2008-12-18,9.4367
2008-12-19,9.6367
2008-12-22,8.7633
2008-12-23,8.72
2008-12-26,9.0467
2008-12-29,9.3167
2008-12-30,9.2533
2009-01-02,9.62
2009-01-05,9.56
2009-01-06,9.1333
2009-01-07,8.74
2009-01-08,9.23
2009-01-09,9.5167
2009-01-12,8.8733
2009-01-13,9.23
2009-01-14,8.7133
2009-01-15,8.7933
2009-01-16,8.7733
2009-01-19,8.7
2009-01-20,8.4
2009-01-21,8.5667
2009-01-22,8.6133
2009-01-23,8.72
2009-01-26,8.82
2009-01-27,8.8133
2009-01-28,8.6667
2009-01-29,8.5833
2009-01-30,8.3667
2009-02-02,7.8067
2009-02-03,7.9833
2009-02-04,7.7233
2009-02-05,8.0
2009-02-06,8.3333
2009-02-09,8.6333
2009-02-10,8.5
2009-02-11,8.5333
2009-02-12,8.4267
2009-02-13,8.3867
2009-02-16,8.6667
2009-02-17,8.32
2009-02-18,7.9667
2009-02-19,8.1
2009-02-20,7.83
2009-02-25,7.79
2009-02-26,7.7833
2009-02-27,8.0133
2009-03-02,7.8
2009-03-03,7.6
2009-03-04,7.6
2009-03-05,7.5033
2009-03-06,7.3
2009-03-09,7.29
2009-03-10,7.7067
2009-03-11,7.5267
2009-03-12,7.5
2009-03-13,7.5867
2009-03-16,7.57
2009-03-17,8.0667
2009-03-18,8.21
2009-03-19,8.5333
2009-03-20,8.2133
2009-03-23,8.6267
2009-03-24,8.4067
2009-03-25,8.2867
2009-03-26,8.69
2009-03-27,8.71
2009-03-30,8.3267
2009-03-31,8.6
2009-04-01,8.62
2009-04-02,8.72
2009-04-03,8.8567
2009-04-06,8.4533
2009-04-07,8.3667
2009-04-08,8.4133
2009-04-09,8.98
2009-04-13,8.8
2009-04-14,9.04
2009-04-15,8.9633
2009-04-16,9.1633
2009-04-17,9.3867
2009-04-20,8.94
2009-04-22,8.9733
2009-04-23,9.3333
2009-04-24,9.7667
2009-04-27,9.8367
2009-04-28,9.7
2009-04-29,10.4467
2009-04-30,10.3833
2009-05-04,10.5967
2009-05-05,10.5667
2009-05-06,10.49
2009-05-07,9.9467
2009-05-08,10.0567
2009-05-11,9.8233
2009-05-12,9.9867
2009-05-13,9.7
2009-05-14,9.7133
2009-05-15,9.6533
2009-05-18,10.1933
2009-05-19,10.0867
2009-05-20,10.1667
2009-05-21,9.6633
2009-05-22,9.9133
2009-05-25,9.83
2009-05-26,10.5633
2009-05-27,10.1
2009-05-28,10.75
2009-05-29,10.2667
2009-06-01,10.2567
2009-06-02,10.3133
2009-06-03,9.8933
2009-06-04,10.0833
2009-06-05,9.8667
2009-06-08,9.9
2009-06-09,9.7533
2009-06-10,9.9467
2009-06-12,10.0933
2009-06-15,9.6333
2009-06-16,9.4
2009-06-17,9.2667
2009-06-18,9.4333
2009-06-19,9.2933
2009-06-22,9.17
2009-06-23,8.9633
2009-06-24,9.2
2009-06-25,9.15
2009-06-26,9.6033
2009-06-29,9.9733
2009-06-30,9.6767
2009-07-01,9.9667
2009-07-02,9.7633
2009-07-03,9.57
2009-07-06,9.6933
2009-07-07,9.2367
2009-07-08,9.25
2009-07-09,9.25
2009-07-10,9.2333
2009-07-13,9.3333
2009-07-14,9.2733
2009-07-15,9.5167
2009-07-16,9.5333
2009-07-17,9.5533
2009-07-20,9.5533
2009-07-21,9.2433
2009-07-22,9.25
2009-07-23,9.1667
2009-07-24,9.6667
2009-07-27,10.3833
2009-07-28,10.5667
2009-07-29,10.3733
2009-07-30,10.2667
2009-07-31,10.4667
2009-08-03,10.5667
2009-08-04,10.3667
2009-08-05,10.5967
2009-08-06,10.75
2009-08-07,10.6733
2009-08-10,10.79
2009-08-11,10.6633
2009-08-12,10.27
2009-08-13,10.2967
2009-08-14,10.3167
2009-08-17,10.1
2009-08-18,10.0967
2009-08-19,10.4333
2009-08-20,10.4433
2009-08-21,10.4967
2009-08-24,10.6667
2009-08-25,10.7033
2009-08-26,10.93
2009-08-27,10.9833
2009-08-28,11.2
2009-08-31,11.5667
2009-09-01,11.1
2009-09-02,10.97
2009-09-03,10.9
2009-09-04,10.9967
2009-09-08,11.23
2009-09-09,11.41
2009-09-10,11.3767
2009-09-11,11.26
2009-09-14,11.4733
2009-09-15,11.4
2009-09-16,11.79
2009-09-17,11.7333
2009-09-18,11.73
2009-09-21,11.7867
2009-09-22,11.7933
2009-09-23,11.4
2009-09-24,11.54
2009-09-25,11.3267
2009-09-28,11.6633
2009-09-29,11.5
2009-09-30,11.3667
2009-10-01,11.3567
2009-10-02,11.6167
2009-10-05,11.57
2009-10-06,11.5833
2009-10-07,11.6667
2009-10-08,11.6733
2009-10-09,11.6867
2009-10-13,11.9767
2009-10-14,12.1333
2009-10-15,12.3967
2009-10-16,12.1967
2009-10-19,12.2
2009-10-20,11.9067
2009-10-21,11.8333
2009-10-22,11.8967
2009-10-23,11.5
2009-10-26,11.5567
2009-10-27,11.61
2009-10-28,11.1333
2009-10-29,11.5467
2009-10-30,11.1667
2009-11-03,11.47
2009-11-04,11.3667
2009-11-05,11.6967
2009-11-06,11.6
2009-11-09,11.5267
2009-11-10,11.5867
2009-11-11,11.6633
2009-11-12,11.4633
2009-11-13,11.3033
2009-11-16,11.7167
2009-11-17,11.2167
2009-11-18,10.8833
2009-11-19,10.93
2009-11-23,10.7667
2009-11-24,10.66
2009-11-25,10.6233
2009-11-26,10.3833
2009-11-27,10.5333
2009-11-30,10.5333
2009-12-01,10.7367
2009-12-02,10.7167
2009-12-03,10.7367
2009-12-04,10.5233
2009-12-07,10.8667
2009-12-08,10.9
2009-12-09,10.9667
2009-12-10,11.05
2009-12-11,11.2
2009-12-14,11.1167
2009-12-15,11.17
2009-12-16,11.2
2009-12-17,10.9167
2009-12-18,10.9633
2009-12-21,10.9633
2009-12-22,11.0667
2009-12-23,10.9667
2009-12-24,10.9667
2009-12-28,11.0667
2009-12-29,11.1733
2009-12-30,11.46
2010-01-04,11.3167
2010-01-05,11.3333
2010-01-06,11.33
2010-01-07,11.15
2010-01-08,11.3367
2010-01-11,11.42
2010-01-12,11.2
2010-01-13,11.3267
2010-01-14,11.17
2010-01-15,11.1667
2010-01-18,10.88
2010-01-19,10.8667
2010-01-20,10.5667
2010-01-21,10.3433
2010-01-22,10.1333
2010-01-26,10.1733
2010-01-27,10.09
2010-01-28,10.3167
2010-01-29,10.45
2010-02-01,10.7433
2010-02-02,10.6433
2010-02-03,10.6667
2010-02-04,10.24
2010-02-05,10.1333
2010-02-08,10.1767
2010-02-09,10.45
2010-02-10,10.3833
2010-02-11,10.5533
2010-02-12,10.3233
2010-02-17,10.6833
2010-02-18,10.6467
2010-02-19,10.7333
2010-02-22,10.5867
2010-02-23,10.4333
2010-02-24,10.2667
2010-02-25,10.2933
2010-02-26,10.1167
2010-03-01,10.2533
2010-03-02,10.3333
2010-03-03,10.2833
2010-03-04,10.2067
2010-03-05,10.4833
2010-03-08,10.3833
2010-03-09,10.4633
2010-03-10,10.5333
2010-03-11,10.4333
2010-03-12,10.2833
2010-03-15,10.3567
2010-03-16,10.4067
2010-03-17,10.3833
2010-03-18,10.5167
2010-03-19,10.5367
2010-03-22,10.43
2010-03-23,10.3567
2010-03-24,10.27
2010-03-25,10.2333
2010-03-26,10.1333
2010-03-29,10.55
2010-03-30,10.52
2010-03-31,10.64
2010-04-01,11.1133
2010-04-05,11.2
2010-04-06,11.1
2010-04-07,11.2633
2010-04-08,11.6433
2010-04-09,11.4167
2010-04-12,11.1733
2010-04-13,11.4167
2010-04-14,11.6667
2010-04-15,11.5167
2010-04-16,11.45
2010-04-19,11.5
2010-04-20,11.4667
2010-04-22,11.3333
2010-04-23,11.3
2010-04-26,11.3367
2010-04-27,11.2667
2010-04-28,11.1833
2010-04-29,11.1667
2010-04-30,11.1267
2010-05-03,11.7567
2010-05-04,11.35
2010-05-05,11.27
2010-05-06,11.1833
2010-05-07,10.7867
2010-05-10,10.8833
2010-05-11,11.0033
2010-05-12,11.2333
2010-05-13,11.4267
2010-05-14,11.2167
2010-05-17,11.3333
2010-05-18,11.0167
2010-05-19,10.9667
2010-05-20,10.98
2010-05-21,11.1667
2010-05-24,11.0333
2010-05-25,10.85
2010-05-26,11.0167
2010-05-27,11.2167
2010-05-28,11.3667
2010-05-31,11.6667
2010-06-01,11.2033
2010-06-02,11.5333
2010-06-04,11.5667
2010-06-07,11.6333
2010-06-08,11.5
2010-06-09,11.6367
2010-06-10,11.71
2010-06-11,11.5767
2010-06-14,11.5333
2010-06-15,11.4667
2010-06-16,11.4767
2010-06-17,11.53
2010-06-18,11.4333
2010-06-21,11.48
2010-06-22,11.5467
2010-06-23,12.0167
2010-06-24,11.93
2010-06-25,12.0033
2010-06-28,12.2167
2010-06-29,12.37
2010-06-30,12.5
2010-07-01,12.1333
2010-07-02,11.8433
2010-07-05,11.7533
2010-07-06,11.7333
2010-07-07,11.7167
2010-07-08,11.64
2010-07-12,11.4333
2010-07-13,11.48
2010-07-14,11.5333
2010-07-15,11.3833
2010-07-16,11.1833
2010-07-19,11.17
2010-07-20,11.4333
2010-07-21,11.3833
2010-07-22,11.4433
2010-07-23,11.57
2010-07-26,11.55
2010-07-27,11.7333
2010-07-28,11.7867
2010-07-29,11.6467
2010-07-30,11.7233
2010-08-02,11.8767
2010-08-03,11.7533
2010-08-04,11.8833
2010-08-05,11.8833
2010-08-06,11.92
2010-08-09,11.8333
2010-08-10,11.66
2010-08-11,11.3
2010-08-12,11.63
2010-08-13,11.62
2010-08-16,11.76
2010-08-17,11.8233
2010-08-18,11.9133
2010-08-19,11.85
2010-08-20,11.65
2010-08-23,11.7
2010-08-24,11.48
2010-08-25,11.4
2010-08-26,11.2633
2010-08-27,11.67
2010-08-30,11.1667
2010-08-31,11.1367
2010-09-01,11.5733
2010-09-02,11.3333
2010-09-03,11.4467
2010-09-06,11.65
2010-09-08,11.28
2010-09-09,11.3
2010-09-10,11.83
2010-09-13,11.8633
2010-09-14,11.94
2010-09-15,12.0967
2010-09-16,11.8867
2010-09-17,11.7467
2010-09-20,11.8633
2010-09-21,11.54
2010-09-22,11.7867
2010-09-23,11.96
2010-09-24,11.9767
2010-09-27,12.2333
2010-09-28,12.03
2010-09-29,12.4667
2010-09-30,12.6333
2010-10-01,12.63
2010-10-04,12.53
2010-10-05,12.7767
2010-10-06,13.0967
2010-10-07,12.9333
2010-10-08,13.2267
2010-10-11,13.1367
2010-10-13,13.5767
2010-10-14,13.5333
2010-10-15,13.7333
2010-10-18,13.9133
2010-10-19,13.13
2010-10-20,13.1
2010-10-21,12.69
2010-10-22,12.6667
2010-10-25,12.8333
2010-10-26,13.33
2010-10-27,13.2333
2010-10-28,13.2633
2010-10-29,12.7167
2010-11-01,13.1967
2010-11-03,13.3433
2010-11-04,13.6167
2010-11-05,13.7
2010-11-08,13.5767
2010-11-09,13.8
2010-11-10,13.6833
2010-11-11,13.3567
2010-11-12,13.4667
2010-11-16,13.3333
2010-11-17,13.5233
2010-11-18,13.7667
2010-11-19,13.8333
2010-11-22,13.5667
2010-11-23,13.4967
2010-11-24,14.0
2010-11-25,14.0033
2010-11-26,13.8667
2010-11-29,13.35
2010-11-30,12.6633
2010-12-01,13.54
2010-12-02,13.4333
2010-12-03,13.85
2010-12-06,13.8467
2010-12-07,13.7133
2010-12-08,13.8333
2010-12-09,13.7333
2010-12-10,14.0733
2010-12-13,14.2333
2010-12-14,14.2167
2010-12-15,14.3333
2010-12-16,14.3567
2010-12-17,14.47
2010-12-20,14.79
2010-12-21,14.5933
2010-12-22,14.6533
2010-12-23,14.7867
2010-12-27,14.8233
2010-12-28,14.36
2010-12-29,14.3933
2010-12-30,14.1967
2011-01-03,14.6367
2011-01-04,14.5333
2011-01-05,14.83
2011-01-06,14.5933
2011-01-07,14.6667
2011-01-10,14.81
2011-01-11,14.8833
2011-01-12,14.9833
2011-01-13,15.0667
2011-01-14,15.1167
2011-01-17,15.03
2011-01-18,14.6433
2011-01-19,14.5933
2011-01-20,14.0967
2011-01-21,13.5533
2011-01-24,13.6667
2011-01-26,13.8967
2011-01-27,13.9067
2011-01-28,13.42
2011-01-31,13.6
2011-02-01,13.9867
2011-02-02,13.6733
2011-02-03,13.4433
2011-02-04,13.3667
2011-02-07,13.68
2011-02-08,13.34
2011-02-09,13.4333
2011-02-10,13.43
2011-02-11,13.52
2011-02-14,14.04
2011-02-15,14.2367
2011-02-16,14.1333
2011-02-17,13.96
2011-02-18,14.0033
2011-02-21,14.0
2011-02-22,13.9167
2011-02-23,14.07
2011-02-25,13.8633
2011-02-28,13.59
2011-03-01,13.71
2011-03-02,13.8
2011-03-03,14.0167
2011-03-04,13.9667
2011-03-10,13.8833
2011-03-11,14.2333
2011-03-14,14.8267
2011-03-15,14.7067
2011-03-16,14.26
2011-03-17,14.3333
2011-03-18,14.4033
2011-03-21,14.62
2011-03-22,14.7267
2011-03-23,14.8133
2011-03-24,14.6667
2011-03-25,14.9333
2011-03-28,14.8333
2011-03-29,15.0333
2011-03-30,15.0333
2011-03-31,15.1833
2011-04-01,15.6667
2011-04-04,15.7333
2011-04-05,15.7333
2011-04-06,15.7167
2011-04-07,15.5
2011-04-08,15.35
2011-04-11,15.3133
2011-04-12,15.0033
2011-04-13,15.2833
2011-04-14,15.3267
2011-04-15,15.4067
2011-04-18,15.6667
2011-04-19,15.5333
2011-04-20,15.4667
2011-04-25,15.52
2011-04-26,15.54
2011-04-27,15.3833
2011-04-28,15.2833
2011-04-29,15.19
2011-05-02,15.3333
2011-05-03,15.3867
2011-05-04,15.3967
2011-05-05,15.7633
2011-05-06,15.6767
2011-05-09,16.02
2011-05-10,15.6667
2011-05-11,15.7633
2011-05-12,15.6833
2011-05-13,15.4833
2011-05-17,15.2667
2011-05-18,15.7867
2011-05-19,16.1667
2011-05-20,16.0
2011-05-23,16.1367
2011-05-24,16.3333
2011-05-25,16.5
2011-05-26,16.3
2011-05-27,16.15
2011-05-30,16.1667
2011-05-31,16.0967
2011-06-01,15.8133
2011-06-02,16.1667
2011-06-03,16.3667
2011-06-06,16.2333
2011-06-07,15.9333
2011-06-08,15.5733
2011-06-09,15.6333
2011-06-10,15.4167
2011-06-13,15.5333
2011-06-14,15.6333
2011-06-15,15.0
2011-06-16,15.5
2011-06-17,15.2667
2011-06-20,15.1767
2011-06-21,15.6833
2011-06-22,15.5
2011-06-24,15.7
2011-06-27,15.7667
2011-06-28,15.8333
2011-06-29,15.7967
2011-06-30,15.4933
2011-07-01,15.7333
2011-07-04,15.8333
2011-07-05,16.01
2011-07-06,15.6733
2011-07-07,15.8833
2011-07-08,15.5
2011-07-11,15.5667
2011-07-12,15.44
2011-07-13,15.6267
2011-07-14,15.3
2011-07-15,15.3967
2011-07-18,15.5267
2011-07-19,15.5
2011-07-20,15.7
2011-07-21,15.6667
2011-07-22,15.8
2011-07-25,15.7167
2011-07-26,15.7333
2011-07-27,15.3333
2011-07-28,15.3967
2011-07-29,15.4
2011-08-01,15.27
2011-08-02,15.0667
2011-08-03,14.7833
2011-08-04,14.6
2011-08-05,14.3067
2011-08-08,13.0
2011-08-09,13.6667
2011-08-10,13.61
2011-08-11,13.9967
2011-08-12,13.8267
2011-08-15,14.2867
2011-08-16,14.3333
2011-08-17,14.6
2011-08-18,14.0
2011-08-19,13.6667
2011-08-22,13.6667
2011-08-23,13.9967
2011-08-24,14.09
2011-08-25,14.52
2011-08-26,14.1567
2011-08-29,14.66
2011-08-30,14.7033
2011-08-31,15.3333
2011-09-01,15.1333
2011-09-02,15.0
2011-09-05,14.32
2011-09-06,15.0667
2011-09-08,15.3
2011-09-09,14.8967
2011-09-12,14.92
2011-09-13,14.7667
2011-09-14,15.0267
2011-09-15,15.04
2011-09-16,15.6067
2011-09-19,15.6667
2011-09-20,15.5
2011-09-21,15.3333
2011-09-22,15.0333
2011-09-23,14.4867
2011-09-26,14.5333
2011-09-27,14.5433
2011-09-28,14.5667
2011-09-29,14.2767
2011-09-30,14.5667
2011-10-03,14.3433
2011-10-04,14.74
2011-10-05,14.81
2011-10-06,14.92
2011-10-07,14.6667
2011-10-10,15.0767
2011-10-11,14.9667
2011-10-13,15.4167
2011-10-14,15.26
2011-10-17,15.0333
2011-10-18,15.0333
2011-10-19,15.33
2011-10-20,14.9
2011-10-21,15.3867
2011-10-24,15.4333
2011-10-25,15.4333
2011-10-26,15.26
2011-10-27,15.4
2011-10-28,15.6667
2011-10-31,15.27
2011-11-01,15.5
2011-11-03,15.75
2011-11-04,15.9833
2011-11-07,15.98
2011-11-08,16.0
2011-11-09,16.29
2011-11-11,16.27
2011-11-14,16.2367
2011-11-16,16.7067
2011-11-17,16.1033
2011-11-18,16.3333
2011-11-21,16.4
2011-11-22,16.3867
2011-11-23,16.4867
2011-11-24,16.6067
2011-11-25,16.34
2011-11-28,16.4267
2011-11-29,16.3567
2011-11-30,16.6633
2011-12-01,16.82
2011-12-02,16.4667
2011-12-05,16.55
2011-12-06,16.6433
2011-12-07,16.21
2011-12-08,16.3333
2011-12-09,16.4333
2011-12-13,16.66
2011-12-14,16.6867
2011-12-15,16.4533
2011-12-16,16.57
2011-12-19,16.5167
2011-12-20,16.8667
2011-12-21,16.7067
2011-12-22,17.0433
2011-12-23,17.2167
2011-12-26,17.3233
2011-12-27,17.5933
2011-12-28,17.1067
2011-12-29,17.3433
2012-01-02,16.8067
2012-01-03,17.4
2012-01-04,18.2
2012-01-05,17.8333
2012-01-06,17.8333
2012-01-09,18.0333
2012-01-10,17.8833
2012-01-11,17.8667
2012-01-12,17.8
2012-01-13,17.6067
2012-01-16,17.7667
2012-01-18,17.7267
2012-01-19,17.9667
2012-01-20,18.06
2012-01-23,18.16
2012-01-24,18.2
2012-01-26,18.78
2012-01-27,18.7
2012-01-30,18.9733
2012-01-31,19.4467
2012-02-01,19.3367
2012-02-02,19.3333
2012-02-03,19.4267
2012-02-06,19.5767
2012-02-07,20.1533
2012-02-08,20.2
2012-02-09,20.2167
2012-02-10,19.86
2012-02-13,19.86
2012-02-14,21.0667
2012-02-15,21.4
2012-02-16,21.5333
2012-02-17,21.5067
2012-02-23,21.06
2012-02-24,21.3667
2012-02-27,21.25
2012-02-28,21.1867
2012-02-29,21.6167
2012-03-01,21.6667
2012-03-02,22.2567
2012-03-05,22.1433
2012-03-06,21.8
2012-03-07,21.9667
2012-03-08,22.13
2012-03-09,22.1
2012-03-12,22.05
2012-03-13,22.66
2012-03-14,22.6833
2012-03-15,22.7433
2012-03-16,22.25
2012-03-19,22.25
2012-03-20,22.5
2012-03-21,22.4833
2012-03-22,22.4833
2012-03-23,22.43
2012-03-26,22.9167
2012-03-27,22.9233
2012-03-28,23.1333
2012-03-29,23.1667
2012-03-30,23.22
2012-04-02,24.55
2012-04-03,23.8367
2012-04-04,23.2333
2012-04-05,23.75
2012-04-09,23.5667
2012-04-10,23.02
2012-04-11,22.8333
2012-04-12,23.3
2012-04-13,23.05
2012-04-16,23.13
2012-04-17,22.9167
2012-04-18,23.3367
2012-04-19,23.5333
2012-04-20,23.7667
2012-04-23,23.0633
2012-04-24,23.6933
2012-04-25,23.87
2012-04-26,24.0567
2012-04-27,24.5367
2012-04-30,24.9467
2012-05-02,24.9467
2012-05-03,25.1067
2012-05-04,24.6667
2012-05-07,24.7833
2012-05-08,24.98
2012-05-09,25.0533
2012-05-10,25.3333
2012-05-11,25.3333
2012-05-14,24.5
2012-05-15,23.8133
2012-05-16,23.84
2012-05-17,23.04
2012-05-18,23.15
2012-05-21,23.2833
2012-05-22,23.74
2012-05-23,23.24
2012-05-24,23.5
2012-05-25,23.1
2012-05-28,23.3333
2012-05-29,23.4
2012-05-30,23.07
2012-05-31,23.67
2012-06-01,23.6967
2012-06-04,23.4267
2012-06-05,23.4
2012-06-06,23.8333
2012-06-08,23.9333
2012-06-11,24.2667
2012-06-12,24.91
2012-06-13,25.3333
2012-06-14,25.0
2012-06-15,24.6
2012-06-18,24.6
2012-06-19,25.4067
2012-06-20,25.3333
2012-06-21,25.2767
2012-06-22,24.8333
2012-06-25,25.0
2012-06-26,25.3
2012-06-27,25.7733
2012-06-28,25.7633
2012-06-29,25.6667
2012-07-02,25.6667
2012-07-03,25.7
2012-07-04,25.75
2012-07-05,25.6933
2012-07-06,25.86
2012-07-10,25.3067
2012-07-11,25.2233
2012-07-12,25.2667
2012-07-13,25.4233
2012-07-16,25.4233
2012-07-17,26.2533
2012-07-18,26.2167
2012-07-19,26.3333
2012-07-20,26.7333
2012-07-23,26.9333
2012-07-24,26.8667
2012-07-25,27.0
2012-07-26,27.66
2012-07-27,28.2867
2012-07-30,29.0
2012-07-31,29.16
2012-08-01,28.5
2012-08-02,28.1667
2012-08-03,28.8667
2012-08-06,29.2333
2012-08-07,29.45
2012-08-08,29.7333
2012-08-09,29.12
2012-08-10,29.12
2012-08-13,29.7267
2012-08-14,29.7333
2012-08-15,29.5
2012-08-16,30.6567
2012-08-17,30.54
2012-08-20,30.4333
2012-08-21,30.56
2012-08-22,30.8267
2012-08-23,30.1567
2012-08-24,30.45
2012-08-27,30.1667
2012-08-28,30.4
2012-08-29,29.7433
2012-08-30,29.5433
2012-08-31,28.7
2012-09-03,28.75
2012-09-04,28.9733
2012-09-05,29.7967
2012-09-06,29.7
2012-09-10,28.91
2012-09-11,27.8967
2012-09-12,25.9333
2012-09-13,27.4467
2012-09-14,26.2967
2012-09-17,25.4167
2012-09-18,26.2433
2012-09-19,25.6667
2012-09-20,25.75
2012-09-21,25.4833
2012-09-24,26.5
2012-09-25,26.5133
2012-09-26,26.49
2012-09-27,27.1667
2012-09-28,27.6633
2012-10-01,27.8533
2012-10-02,28.4733
2012-10-03,29.0667
2012-10-04,29.5833
2012-10-05,30.1667
2012-10-08,29.55
2012-10-09,29.4067
2012-10-10,29.33
2012-10-11,28.8333
2012-10-15,29.2
2012-10-16,29.4633
2012-10-17,29.3667
2012-10-18,28.5833
2012-10-19,28.37
2012-10-22,28.8567
2012-10-23,27.9667
2012-10-24,28.24
2012-10-25,27.9767
2012-10-26,28.22
2012-10-29,28.7667
2012-10-30,29.3333
2012-10-31,28.66
2012-11-01,28.6667
2012-11-05,28.9767
2012-11-06,28.6533
2012-11-07,28.4467
2012-11-08,27.9233
2012-11-09,27.9333
2012-11-12,27.6167
2012-11-13,27.8667
2012-11-14,28.1667
2012-11-16,28.76
2012-11-19,28.4233
2012-11-21,26.8467
2012-11-22,27.5333
2012-11-23,30.1
2012-11-26,30.1133
2012-11-27,29.1
2012-11-28,29.0333
2012-11-29,29.2167
2012-11-30,28.8333
2012-12-03,29.2
2012-12-04,28.9267
2012-12-05,28.5433
2012-12-06,28.1667
2012-12-07,28.8833
2012-12-10,28.4733
2012-12-11,28.4667
2012-12-12,28.3167
2012-12-13,27.91
2012-12-14,28.4967
2012-12-17,28.3167
2012-12-18,28.6333
2012-12-19,28.45
2012-12-20,28.9333
2012-12-21,28.9
2012-12-26,28.8633
2012-12-27,28.8333
2012-12-28,28.9567
2013-01-02,28.9433
2013-01-03,28.5
2013-01-04,28.48
2013-01-07,28.7333
2013-01-08,28.3333
2013-01-09,28.4967
2013-01-10,28.9333
2013-01-11,29.19
2013-01-14,29.49
2013-01-15,28.8867
2013-01-16,29.5367
2013-01-17,30.3167
2013-01-18,30.2
2013-01-21,30.6333
2013-01-22,30.8233
2013-01-23,30.1
2013-01-24,30.2567
2013-01-28,30.0567
2013-01-29,30.1667
2013-01-30,29.5667
2013-01-31,29.9
2013-02-01,30.1833
2013-02-04,31.3033
2013-02-05,31.5
2013-02-06,31.23
2013-02-07,30.7733
2013-02-08,30.5533
2013-02-13,30.6
2013-02-14,30.7
2013-02-15,30.9633
2013-02-18,31.29
2013-02-19,31.5633
2013-02-20,31.5567
2013-02-21,31.2333
2013-02-22,30.6
2013-02-25,30.99
2013-02-26,31.46
2013-02-27,31.8333
2013-02-28,31.99
2013-03-01,32.0033
2013-03-04,31.5167
2013-03-05,31.1467
2013-03-06,31.6
2013-03-07,31.5667
2013-03-08,31.55
2013-03-11,31.5
2013-03-12,31.3833
2013-03-13,30.9367
2013-03-14,30.9
2013-03-15,30.45
2013-03-18,30.63
2013-03-19,29.68
2013-03-20,29.5667
2013-03-21,29.6333
2013-03-22,30.41
2013-03-25,31.3833
2013-03-26,31.3167
2013-03-27,31.3333
2013-03-28,31.35
2013-04-01,30.9333
2013-04-02,30.9333
2013-04-03,31.0
2013-04-04,31.0
2013-04-05,31.3767
2013-04-08,31.05
2013-04-09,31.0667
2013-04-10,31.3667
2013-04-11,30.6
2013-04-12,30.8333
2013-04-15,30.0833
2013-04-16,30.9967
2013-04-17,30.6
2013-04-18,30.7733
2013-04-19,30.7667
2013-04-22,29.2367
2013-04-23,28.8
2013-04-24,29.25
2013-04-25,29.2
2013-04-26,28.91
2013-04-29,27.85
2013-04-30,28.2
2013-05-02,28.54
2013-05-03,28.22
2013-05-06,27.4
2013-05-07,27.05
2013-05-08,27.8
2013-05-09,27.65
2013-05-10,27.69
2013-05-13,26.87
2013-05-14,26.78
2013-05-15,26.1
2013-05-16,26.25
2013-05-17,25.57
2013-05-20,26.41
2013-05-21,27.3
2013-05-22,27.7
2013-05-23,27.75
2013-05-24,27.45
2013-05-27,27.69
2013-05-28,27.95
2013-05-29,27.64
2013-05-31,26.88
2013-06-03,26.57
2013-06-04,26.4
2013-06-05,25.7
2013-06-06,25.88
2013-06-07,26.09
2013-06-10,25.19
2013-06-11,25.0
2013-06-12,24.81
2013-06-13,24.98
2013-06-14,24.65
2013-06-17,24.77
2013-06-18,25.0
2013-06-19,24.5
2013-06-20,23.14
2013-06-21,21.79
2013-06-24,20.4
2013-06-25,21.7
2013-06-26,21.36
2013-06-27,22.3
2013-06-28,22.65
2013-07-01,22.7
2013-07-02,22.35
2013-07-03,21.31
2013-07-04,21.5
2013-07-05,21.52
2013-07-08,21.5
2013-07-10,22.55
2013-07-11,22.82
2013-07-12,22.32
2013-07-15,22.81
2013-07-16,22.55
2013-07-17,23.25
2013-07-18,23.72
2013-07-19,23.71
2013-07-22,23.8
2013-07-23,23.96
2013-07-24,23.31
2013-07-25,23.44
2013-07-26,23.59
2013-07-29,23.48
2013-07-30,23.4
2013-07-31,23.4
2013-08-01,23.42
2013-08-02,21.84
2013-08-05,22.11
2013-08-06,21.47
2013-08-07,21.15
2013-08-08,21.65
2013-08-09,21.6
2013-08-12,21.51
2013-08-13,21.78
2013-08-14,21.3
2013-08-15,20.86
2013-08-16,21.89
2013-08-19,21.2
2013-08-20,20.44
2013-08-21,20.45
2013-08-22,20.5
2013-08-23,20.53
2013-08-26,20.13
2013-08-27,19.55
2013-08-28,19.74
2013-08-29,19.75
2013-08-30,19.59
2013-09-02,20.21
2013-09-03,19.7
2013-09-04,19.66
2013-09-05,21.75
2013-09-06,22.44
2013-09-09,21.9
2013-09-10,21.6
2013-09-11,21.63
2013-09-12,21.3
2013-09-13,20.95
2013-09-16,21.05
2013-09-17,21.58
2013-09-18,22.45
2013-09-19,22.58
2013-09-20,21.88
2013-09-23,22.34
2013-09-24,22.52
2013-09-25,22.28
2013-09-26,22.5
2013-09-27,22.37
2013-09-30,21.64
2013-10-01,21.8
2013-10-02,21.65
2013-10-03,22.1
2013-10-04,22.18
2013-10-07,21.98
2013-10-08,21.45
2013-10-09,21.4
2013-10-10,22.0
2013-10-11,21.88
2013-10-14,22.45
2013-10-15,22.8
2013-10-16,23.23
2013-10-17,23.21
2013-10-18,23.8
2013-10-21,23.68
2013-10-22,24.2
2013-10-23,24.38
2013-10-24,24.14
2013-10-25,23.6
2013-10-28,24.01
2013-10-29,24.15
2013-10-30,23.37
2013-10-31,23.74
2013-11-01,24.08
2013-11-04,24.2
2013-11-05,24.99
2013-11-06,24.61
2013-11-07,23.97
2013-11-08,23.65
2013-11-11,23.93
2013-11-12,23.91
2013-11-13,24.16
2013-11-14,24.98
2013-11-18,25.5
2013-11-19,25.5
2013-11-21,24.66
2013-11-22,24.58
2013-11-25,24.59
2013-11-26,23.75
2013-11-27,24.2
2013-11-28,23.91
2013-11-29,24.36
2013-12-02,23.75
2013-12-03,22.95
2013-12-04,23.13
2013-12-05,22.91
2013-12-06,23.07
2013-12-09,23.45
2013-12-10,22.93
2013-12-11,22.57
2013-12-12,23.09
2013-12-13,23.75
2013-12-16,23.76
2013-12-17,24.18
2013-12-18,24.65
2013-12-19,24.93
2013-12-20,25.61
2013-12-23,26.1
2013-12-26,26.2
2013-12-27,26.55
2013-12-30,26.46
2014-01-02,25.96
2014-01-03,26.32
2014-01-06,25.22
2014-01-07,25.13
2014-01-08,25.15
2014-01-09,24.62
2014-01-10,23.92
2014-01-13,23.13
2014-01-14,23.5
2014-01-15,23.46
2014-01-16,23.49
2014-01-17,23.62
2014-01-20,23.7
2014-01-21,24.04
2014-01-22,24.56
2014-01-23,24.21
2014-01-24,23.5
2014-01-27,22.7
2014-01-28,22.3
2014-01-29,21.78
2014-01-30,22.09
2014-01-31,22.26
2014-02-03,21.1
2014-02-04,21.3
2014-02-05,20.84
2014-02-06,21.96
2014-02-07,22.19
2014-02-10,22.19
2014-02-11,24.01
2014-02-12,23.25
2014-02-13,22.21
2014-02-14,23.07
2014-02-17,21.98
2014-02-18,21.1
2014-02-19,21.2
2014-02-20,21.82
2014-02-21,22.15
2014-02-24,21.87
2014-02-25,21.71
2014-02-26,21.5
2014-02-27,22.34
2014-02-28,21.5
2014-03-05,21.49
2014-03-06,21.5
2014-03-07,20.94
2014-03-10,20.74
2014-03-11,21.14
2014-03-12,21.08
2014-03-13,20.69
2014-03-14,20.07
2014-03-17,20.23
2014-03-18,20.97
2014-03-19,21.2
2014-03-20,19.61
2014-03-21,19.9
2014-03-24,19.87
2014-03-25,19.75
2014-03-26,19.64
2014-03-27,20.27
2014-03-28,20.58
2014-03-31,21.1
2014-04-01,21.51
2014-04-02,21.68
2014-04-03,21.97
2014-04-04,22.05
2014-04-07,20.64
2014-04-08,20.05
2014-04-09,20.39
2014-04-10,20.9
2014-04-11,19.74
2014-04-14,20.16
2014-04-15,19.6
2014-04-16,20.35
2014-04-17,20.9
2014-04-22,21.55
2014-04-23,21.36
2014-04-24,21.56
2014-04-25,21.31
2014-04-28,21.07
2014-04-29,21.05
2014-04-30,21.05
2014-05-02,21.85
2014-05-05,21.65
2014-05-06,21.85
2014-05-07,21.55
2014-05-08,21.06
2014-05-09,21.23
2014-05-12,21.86
2014-05-13,21.79
2014-05-14,21.47
2014-05-15,21.14
2014-05-16,22.19
2014-05-19,22.76
2014-05-20,22.36
2014-05-21,22.39
2014-05-22,22.5
2014-05-23,22.5
2014-05-26,22.71
2014-05-27,22.01
2014-05-28,22.35
2014-05-29,22.05
2014-05-30,21.81
2014-06-02,21.94
2014-06-03,21.95
2014-06-04,22.29
2014-06-05,21.52
2014-06-06,21.86
2014-06-09,22.6
2014-06-10,22.93
2014-06-11,23.04
2014-06-13,23.29
2014-06-16,23.42
2014-06-17,23.82
2014-06-18,24.35
2014-06-20,24.26
2014-06-23,23.85
2014-06-24,24.07
2014-06-25,23.9
2014-06-26,23.8
2014-06-27,23.83
2014-06-30,23.55
2014-07-01,23.85
2014-07-02,23.6
2014-07-03,23.77
2014-07-04,23.9
2014-07-07,23.59
2014-07-08,23.45
2014-07-10,23.67
2014-07-11,23.97
2014-07-14,23.7
2014-07-15,23.26
2014-07-16,23.04
2014-07-17,22.98
2014-07-18,22.78
2014-07-21,22.8
2014-07-22,22.6
2014-07-23,22.22
2014-07-24,22.44
2014-07-25,21.98
2014-07-28,21.75
2014-07-29,21.04
2014-07-30,20.61
2014-07-31,20.09
2014-08-01,20.21
2014-08-04,20.01
2014-08-05,19.72
2014-08-06,19.3
2014-08-07,19.64
2014-08-08,19.55
2014-08-11,20.0
2014-08-12,19.81
2014-08-13,19.41
2014-08-14,19.53
2014-08-15,19.99
2014-08-18,20.27
2014-08-19,20.45
2014-08-20,20.31
2014-08-21,20.18
2014-08-22,20.16
2014-08-25,20.66
2014-08-26,20.43
2014-08-27,21.0
2014-08-28,21.08
2014-08-29,21.47
2014-09-01,21.12
2014-09-02,21.13
2014-09-03,21.8
2014-09-04,21.7
2014-09-05,21.66
2014-09-08,20.6
2014-09-09,20.41
2014-09-10,20.55
2014-09-11,20.82
2014-09-12,20.8
2014-09-15,20.85
2014-09-16,20.9
2014-09-17,21.04
2014-09-18,20.8
2014-09-19,20.3
2014-09-22,19.85
2014-09-23,19.83
2014-09-24,19.85
2014-09-25,20.02
2014-09-26,20.51
2014-09-29,20.02
2014-09-30,19.78
2014-10-01,19.65
2014-10-02,19.34
2014-10-03,19.62
2014-10-06,20.32
2014-10-07,20.07
2014-10-08,20.25
2014-10-09,20.09
2014-10-10,19.45
2014-10-13,20.28
2014-10-14,20.33
2014-10-15,19.75
2014-10-16,19.16
2014-10-17,19.64
2014-10-20,19.65
2014-10-21,19.35
2014-10-22,19.35
2014-10-23,18.23
2014-10-24,18.3
2014-10-27,17.72
2014-10-28,18.68
2014-10-29,18.9
2014-10-30,19.0
2014-10-31,19.39
2014-11-03,19.19
2014-11-04,19.86
2014-11-05,19.7
2014-11-06,19.32
2014-11-07,19.65
2014-11-10,19.45
2014-11-11,19.06
2014-11-12,19.48
2014-11-13,18.96
2014-11-14,19.35
2014-11-17,19.17
2014-11-18,19.87
2014-11-19,20.1
2014-11-21,20.5
2014-11-24,19.95
2014-11-25,19.4
2014-11-26,19.52
2014-11-27,19.41
2014-11-28,19.29
2014-12-01,18.02
2014-12-02,18.29
2014-12-03,18.74
2014-12-04,18.25
2014-12-05,18.27
2014-12-08,17.7
2014-12-09,17.92
2014-12-10,17.73
2014-12-11,17.79
2014-12-12,17.3
2014-12-15,16.97
2014-12-16,15.98
2014-12-17,16.55
2014-12-18,17.06
2014-12-19,17.37
2014-12-22,17.2
2014-12-23,17.32
2014-12-26,17.41
2014-12-29,17.72
2014-12-30,17.01
2015-01-02,16.8
2015-01-05,16.8
2015-01-06,16.75
2015-01-07,17.1
2015-01-08,17.16
2015-01-09,16.76
2015-01-12,16.53
2015-01-13,15.6
2015-01-14,15.41
2015-01-15,15.67
2015-01-16,15.92
2015-01-19,15.12
2015-01-20,15.1
2015-01-21,15.49
2015-01-22,15.28
2015-01-23,13.5
2015-01-26,13.25
2015-01-27,13.77
2015-01-28,13.3
2015-01-29,13.49
2015-01-30,13.3
2015-02-02,13.27
2015-02-03,13.47
2015-02-04,14.1
2015-02-05,14.05
2015-02-06,13.98
2015-02-09,14.02
2015-02-10,14.25
2015-02-11,14.44
2015-02-12,14.9
2015-02-13,15.35
2015-02-18,15.7
2015-02-19,15.74
2015-02-20,15.6
2015-02-23,16.09
2015-02-24,16.32
2015-02-25,16.61
2015-02-26,17.12
2015-02-27,16.94
2015-03-02,16.52
2015-03-03,16.59
2015-03-04,16.18
2015-03-05,16.25
2015-03-06,16.28
2015-03-09,16.18
2015-03-10,16.3
2015-03-11,16.09
2015-03-12,17.0
2015-03-13,17.17
2015-03-16,17.0
2015-03-17,17.29
2015-03-18,17.68
2015-03-19,17.86
2015-03-20,19.1
2015-03-23,19.4
2015-03-24,18.78
2015-03-25,18.48
2015-03-26,17.8
2015-03-27,16.85
2015-03-30,16.73
2015-03-31,17.71
2015-04-01,18.2
2015-04-02,18.2
2015-04-06,18.8
2015-04-07,18.3
2015-04-08,18.0
2015-04-09,17.9
2015-04-10,17.55
2015-04-13,17.62
2015-04-14,17.22
2015-04-15,17.82
2015-04-16,18.1
2015-04-17,18.1
2015-04-20,17.87
2015-04-22,17.9
2015-04-23,17.95
2015-04-24,18.15
2015-04-27,17.82
2015-04-28,17.8
2015-04-29,17.85
2015-04-30,17.8
2015-05-04,18.53
2015-05-05,18.52
2015-05-06,19.08
2015-05-07,19.65
2015-05-08,19.29
2015-05-11,19.43
2015-05-12,19.52
2015-05-13,19.08
2015-05-14,19.55
2015-05-15,19.62
2015-05-18,19.58
2015-05-19,19.4
2015-05-20,18.5
2015-05-21,19.08
2015-05-22,18.31
2015-05-25,18.65
2015-05-26,18.18
2015-05-27,18.86
2015-05-28,18.78
2015-05-29,18.55
2015-06-01,18.63
2015-06-02,18.36
2015-06-03,18.48
2015-06-05,17.9
2015-06-08,17.84
2015-06-09,17.84
2015-06-10,18.24
2015-06-11,17.81
2015-06-12,17.42
2015-06-15,16.58
2015-06-16,16.5
2015-06-17,16.3
2015-06-18,16.31
2015-06-19,16.06
2015-06-22,16.35
2015-06-23,16.02
2015-06-24,15.87
2015-06-25,15.74
2015-06-26,16.37
2015-06-29,15.99
2015-06-30,16.5
2015-07-01,16.24
2015-07-02,16.57
2015-07-03,16.2
2015-07-06,16.49
2015-07-07,16.85
2015-07-08,17.1
2015-07-10,16.8
2015-07-13,17.29
2015-07-14,17.81
2015-07-15,18.05
2015-07-16,18.97
2015-07-17,18.53
2015-07-20,18.6
2015-07-21,18.6
2015-07-22,18.99
2015-07-23,18.7
2015-07-24,18.3
2015-07-27,17.66
2015-07-28,18.08
2015-07-29,17.6
2015-07-30,17.25
2015-07-31,17.47
2015-08-03,17.59
2015-08-04,17.69
2015-08-05,17.25
2015-08-06,16.85
2015-08-07,16.65
2015-08-10,16.65
2015-08-11,16.5
2015-08-12,16.07
2015-08-13,15.47
2015-08-14,15.75
2015-08-17,15.33
2015-08-18,15.4
2015-08-19,15.52
2015-08-20,14.96
2015-08-21,14.75
2015-08-24,14.5
2015-08-25,14.5
2015-08-26,15.18
2015-08-27,15.93
2015-08-28,15.9
2015-08-31,15.73
2015-09-01,15.07
2015-09-02,15.72
2015-09-03,15.73
2015-09-04,14.96
2015-09-08,15.06
2015-09-09,15.65
2015-09-10,15.24
2015-09-11,15.39
2015-09-14,16.08
2015-09-15,16.15
2015-09-16,16.8
2015-09-17,17.29
2015-09-18,16.5
2015-09-21,16.08
2015-09-22,16.0
2015-09-23,15.65
2015-09-24,15.2
2015-09-25,15.4
2015-09-28,15.0
2015-09-29,15.2
2015-09-30,15.84
2015-10-01,16.0
2015-10-02,17.03
2015-10-05,17.2
2015-10-06,16.98
2015-10-07,17.35
2015-10-08,17.72
2015-10-09,17.5
2015-10-13,17.5
2015-10-14,17.25
2015-10-15,17.04
2015-10-16,17.0
2015-10-19,17.44
2015-10-20,18.05
2015-10-21,17.12
2015-10-22,17.5
2015-10-23,17.51
2015-10-26,17.0
2015-10-27,16.9
2015-10-28,16.42
2015-10-29,16.45
2015-10-30,16.74
2015-11-03,17.65
2015-11-04,18.15
2015-11-05,18.4
2015-11-06,18.26
2015-11-09,18.05
2015-11-10,17.73
2015-11-11,17.99
2015-11-12,17.94
2015-11-13,18.28
2015-11-16,18.33
2015-11-17,18.59
2015-11-18,18.67
2015-11-19,19.22
2015-11-23,20.29
2015-11-24,19.92
2015-11-25,18.99
2015-11-26,19.25
2015-11-27,18.71
2015-11-30,18.92
2015-12-01,18.6
2015-12-02,18.8
2015-12-03,19.32
2015-12-04,18.56
2015-12-07,18.25
2015-12-08,18.4
2015-12-09,18.98
2015-12-10,18.33
2015-12-11,18.01
2015-12-14,17.6
2015-12-15,17.89
2015-12-16,17.82
2015-12-17,18.24
2015-12-18,17.6
2015-12-21,18.0
2015-12-22,18.03
2015-12-23,19.3
2015-12-28,19.0
2015-12-29,18.86
2015-12-30,18.93
2016-01-04,18.15
2016-01-05,18.35
2016-01-06,17.75
2016-01-07,16.62
2016-01-08,16.82
2016-01-11,17.25
2016-01-12,17.65
2016-01-13,18.12
2016-01-14,18.23
2016-01-15,17.7
2016-01-18,18.93
2016-01-19,19.1
2016-01-20,19.0
2016-01-21,18.75
2016-01-22,19.49
2016-01-26,19.78
2016-01-27,20.64
2016-01-28,20.86
2016-01-29,21.32
2016-02-01,21.34
2016-02-02,20.7
2016-02-03,20.78
2016-02-04,21.5
2016-02-05,21.86
2016-02-10,21.95
2016-02-11,21.5
2016-02-12,21.3
2016-02-15,21.8
2016-02-16,22.08
2016-02-17,22.21
2016-02-18,22.1
2016-02-19,22.22
2016-02-22,23.12
2016-02-23,22.96
2016-02-24,21.7
2016-02-25,22.15
2016-02-26,22.27
2016-02-29,22.61
2016-03-01,22.91
2016-03-02,22.7
2016-03-03,23.22
2016-03-04,22.85
2016-03-07,22.8
2016-03-08,22.89
2016-03-09,22.79
2016-03-10,22.95
2016-03-11,22.95
2016-03-14,22.55
2016-03-15,22.36
2016-03-16,22.6
2016-03-17,23.12
2016-03-18,23.15
2016-03-21,23.25
2016-03-22,23.04
2016-03-23,22.8
2016-03-24,23.1
2016-03-28,23.75
2016-03-29,23.86
2016-03-30,24.2
2016-03-31,23.98
2016-04-01,23.95
2016-04-04,23.3
2016-04-05,23.52
2016-04-06,22.77
2016-04-07,22.91
2016-04-08,23.8
2016-04-11,24.0
2016-04-12,25.0
2016-04-13,25.05
2016-04-14,24.47
2016-04-15,24.97
2016-04-18,25.36
2016-04-19,25.78
2016-04-20,25.62
2016-04-22,25.5
2016-04-25,25.68
2016-04-26,25.82
2016-04-27,26.35
2016-04-28,26.51
2016-04-29,26.4
2016-05-02,26.18
2016-05-03,26.25
2016-05-04,26.32
2016-05-05,26.33
2016-05-06,26.5
2016-05-09,26.0
2016-05-10,26.84
2016-05-11,26.96
2016-05-12,27.73
2016-05-13,26.89
2016-05-16,26.75
2016-05-17,26.8
2016-05-18,26.57
2016-05-19,26.54
2016-05-20,26.76
2016-05-23,26.49
2016-05-24,26.11
2016-05-25,26.05
2016-05-27,26.36
2016-05-30,26.3
2016-05-31,25.59
2016-06-01,26.19
2016-06-02,25.98
2016-06-03,26.81
2016-06-06,26.38
2016-06-07,26.68
2016-06-08,27.82
2016-06-09,28.25
2016-06-10,27.9
2016-06-13,28.66
2016-06-14,27.66
2016-06-15,27.94
2016-06-16,28.4
2016-06-17,27.84
2016-06-20,27.82
2016-06-21,28.14
2016-06-22,28.18
2016-06-23,28.55
2016-06-24,27.98
2016-06-27,28.02
2016-06-28,28.66
2016-06-29,29.0
2016-06-30,29.08
2016-07-01,29.04
2016-07-04,29.06
2016-07-05,28.83
2016-07-06,29.09
2016-07-07,28.39
2016-07-08,29.42
2016-07-11,30.09
2016-07-12,29.8
2016-07-13,30.07
2016-07-14,30.25
2016-07-15,29.3
2016-07-18,29.59
2016-07-19,29.84
2016-07-20,29.98
2016-07-21,30.11
2016-07-22,31.49
2016-07-25,31.43
2016-07-26,30.84
2016-07-27,30.75
2016-07-28,30.85
2016-07-29,30.8
2016-08-01,29.8
2016-08-02,28.82
2016-08-03,29.06
2016-08-04,29.51
2016-08-05,30.02
2016-08-08,29.16
2016-08-09,29.05
2016-08-10,29.18
2016-08-11,29.95
2016-08-12,29.46
2016-08-15,30.36
2016-08-16,29.94
2016-08-17,30.04
2016-08-18,29.88
2016-08-19,29.31
2016-08-22,29.19
2016-08-23,29.09
2016-08-24,28.98
2016-08-25,28.9
2016-08-26,28.91
2016-08-29,29.5
2016-08-30,29.1
2016-08-31,29.39
2016-09-01,29.17
2016-09-02,31.12
2016-09-05,31.15
2016-09-06,31.19
2016-09-08,31.07
2016-09-09,29.45
2016-09-12,29.0
2016-09-13,28.43
2016-09-14,29.22
2016-09-15,29.65
2016-09-16,29.2
2016-09-19,29.5
2016-09-20,29.66
2016-09-21,30.63
2016-09-22,31.0
2016-09-23,30.64
2016-09-26,30.04
2016-09-27,29.85
2016-09-28,30.85
2016-09-29,30.51
2016-09-30,30.19
2016-10-03,30.8
2016-10-04,30.5
2016-10-05,30.9
2016-10-06,30.75
2016-10-07,30.65
2016-10-10,30.98
2016-10-11,30.89
2016-10-13,31.05
2016-10-14,30.5
2016-10-17,31.48
2016-10-18,31.64
2016-10-19,31.99
2016-10-20,32.11
2016-10-21,32.15
2016-10-24,31.9
2016-10-25,32.29
2016-10-26,32.59
2016-10-27,32.75
2016-10-28,32.87
2016-10-31,33.7
2016-11-01,32.75
2016-11-03,32.23
2016-11-04,32.34
2016-11-07,33.24
2016-11-08,33.25
2016-11-09,32.43
2016-11-10,30.25
2016-11-11,27.11
2016-11-14,27.5
2016-11-16,29.24
2016-11-17,28.45
2016-11-18,28.42
2016-11-21,29.53
2016-11-22,30.03
2016-11-23,29.68
2016-11-24,29.71
2016-11-25,29.64
2016-11-28,30.5
2016-11-29,29.6
2016-11-30,29.96
2016-12-01,28.2
2016-12-02,28.78
2016-12-05,28.42
2016-12-06,28.29
2016-12-07,27.87
2016-12-08,27.68
2016-12-09,27.7
2016-12-12,27.69
2016-12-13,28.31
2016-12-14,27.7
2016-12-15,27.66
2016-12-16,27.84
2016-12-19,26.91
2016-12-20,26.58
2016-12-21,26.6
2016-12-22,27.35
2016-12-23,27.43
2016-12-26,27.97
2016-12-27,27.56
2016-12-28,28.06
2016-12-29,28.79
2017-01-02,28.37
2017-01-03,28.7
2017-01-04,29.53
2017-01-05,29.61
2017-01-06,29.18
2017-01-09,29.31
2017-01-10,29.25
2017-01-11,29.42
2017-01-12,31.14
2017-01-13,30.86
2017-01-16,30.81
2017-01-17,31.7
2017-01-18,31.28
2017-01-19,31.75
2017-01-20,32.01
2017-01-23,32.0
2017-01-24,32.61
2017-01-26,32.47
2017-01-27,32.07
2017-01-30,31.23
2017-01-31,31.35
2017-02-01,31.46
2017-02-02,31.82
2017-02-03,32.35
2017-02-06,32.44
2017-02-07,32.71
2017-02-08,32.68
2017-02-09,32.54
2017-02-10,32.86
2017-02-13,33.99
2017-02-14,33.3
2017-02-15,34.38
2017-02-16,33.76
2017-02-17,33.8
2017-02-20,33.99
2017-02-21,34.05
2017-02-22,33.57
2017-02-23,33.14
2017-02-24,32.88
2017-03-01,33.52
2017-03-02,33.14
2017-03-03,33.6
2017-03-06,33.65
2017-03-07,33.44
2017-03-08,32.83
2017-03-09,31.34
2017-03-10,31.88
2017-03-13,32.54
2017-03-14,31.55
2017-03-15,32.28
2017-03-16,32.35
2017-03-17,31.86
2017-03-20,30.87
2017-03-21,30.2
2017-03-22,31.0
2017-03-23,31.11
2017-03-24,31.5
2017-03-27,31.6
2017-03-28,32.06
2017-03-29,32.55
2017-03-30,32.42
2017-03-31,32.59
2017-04-03,33.5
2017-04-04,33.75
2017-04-05,34.14
2017-04-06,33.21
2017-04-07,33.7
2017-04-10,32.81
2017-04-11,32.3
2017-04-12,32.55
2017-04-13,31.84
2017-04-17,32.34
2017-04-18,32.54
2017-04-19,32.6
2017-04-20,30.78
2017-04-24,30.35
2017-04-25,29.58
2017-04-26,30.04
2017-04-27,29.2
2017-04-28,29.27
2017-05-02,29.85
2017-05-03,30.4
2017-05-04,29.8
2017-05-05,30.07
2017-05-08,29.56
2017-05-09,30.5
2017-05-10,30.37
2017-05-11,29.95
2017-05-12,30.98
2017-05-15,30.25
2017-05-16,32.31
2017-05-17,31.39
2017-05-18,28.8
2017-05-19,28.7
2017-05-22,27.56
2017-05-23,28.34
2017-05-24,29.13
2017-05-25,28.74
2017-05-26,29.29
2017-05-29,29.29
2017-05-30,29.09
2017-05-31,29.0
2017-06-01,29.45
2017-06-02,29.1
2017-06-05,29.21
2017-06-06,29.82
2017-06-07,29.72
2017-06-08,29.72
2017-06-09,30.2
2017-06-12,30.06
2017-06-13,30.6
2017-06-14,30.73
2017-06-15,30.73
2017-06-16,32.0
2017-06-19,31.25
2017-06-20,30.83
2017-06-21,31.0
2017-06-22,31.0
2017-06-23,30.94
2017-06-26,31.14
2017-06-27,30.47
2017-06-28,30.59
2017-06-29,30.81
2017-06-30,31.66
2017-07-03,31.87
2017-07-04,31.85
2017-07-05,31.9
2017-07-06,31.7
2017-07-07,31.5
2017-07-10,32.3
2017-07-11,32.35
2017-07-12,32.78
2017-07-13,33.34
2017-07-14,33.79
2017-07-17,34.5
2017-07-18,35.38
2017-07-19,35.15
2017-07-20,34.95
2017-07-21,35.03
2017-07-24,34.6
2017-07-25,33.94
2017-07-26,34.26
2017-07-27,35.2
2017-07-28,34.09
2017-07-31,33.55
2017-08-01,33.85
2017-08-02,34.21
2017-08-03,33.86
2017-08-04,33.84
2017-08-07,33.72
2017-08-08,32.8
2017-08-09,33.07
2017-08-10,32.55
2017-08-11,33.05
2017-08-14,32.24
2017-08-15,30.12
2017-08-16,30.5
2017-08-17,30.13
2017-08-18,30.64
2017-08-21,30.8
2017-08-22,31.05
2017-08-23,30.97
2017-08-24,30.94
2017-08-25,31.0
2017-08-28,30.96
2017-08-29,31.6
2017-08-30,32.0
2017-08-31,32.15
2017-09-01,32.79
2017-09-04,32.58
2017-09-05,32.43
2017-09-06,33.04
2017-09-07,33.04
2017-09-08,33.45
2017-09-11,33.68
2017-09-12,33.97
2017-09-13,33.53
2017-09-14,32.96
2017-09-15,33.49
2017-09-18,33.29
2017-09-19,32.55
2017-09-20,33.58
2017-09-21,33.51
2017-09-22,34.23
2017-09-25,33.85
2017-09-26,33.46
2017-09-27,32.75
2017-09-28,32.63
2017-09-29,33.28
2017-10-02,33.65
2017-10-03,34.01
2017-10-04,33.72
2017-10-05,33.89
2017-10-06,33.82
2017-10-09,34.52
2017-10-10,33.94
2017-10-11,33.5
2017-10-12,33.5
2017-10-13,32.41
2017-10-16,31.88
2017-10-17,31.39
2017-10-18,31.4
2017-10-19,30.6
2017-10-20,30.75
2017-10-23,30.5
2017-10-24,30.7
2017-10-25,30.4
2017-10-26,30.85
2017-10-27,30.4
2017-10-30,30.0
2017-10-31,29.8
2017-11-01,30.34
2017-11-02,30.34
2017-11-03,29.5
2017-11-06,29.55
2017-11-07,28.46
2017-11-08,29.38
2017-11-09,28.84
2017-11-10,29.0
2017-11-13,29.72
2017-11-14,29.46
2017-11-15,29.46
2017-11-16,31.0
2017-11-17,31.0
2017-11-20,31.0
2017-11-21,32.35
2017-11-22,33.9
2017-11-23,33.25
2017-11-24,33.3
2017-11-27,33.75
2017-11-28,33.75
2017-11-29,33.15
2017-11-30,32.7
2017-12-01,32.44
2017-12-04,33.15
2017-12-05,33.05
2017-12-06,33.47
2017-12-07,32.94
2017-12-08,32.98
2017-12-11,33.2
2017-12-12,33.41
2017-12-13,33.5
2017-12-14,33.26
2017-12-15,33.54
2017-12-18,33.15
2017-12-19,33.39
2017-12-20,33.82
2017-12-21,34.27
2017-12-22,33.84
2017-12-25,33.84
2017-12-26,34.32
2017-12-27,34.5
2017-12-28,34.33
2017-12-29,34.33
2018-01-02,34.6
2018-01-03,33.98
2018-01-04,33.32
2018-01-05,33.7
2018-01-08,34.39
2018-01-09,33.92
2018-01-10,33.24
2018-01-11,33.68
2018-01-12,33.88
2018-01-15,33.9
2018-01-16,34.07
2018-01-17,35.89
2018-01-18,35.28
2018-01-19,35.41
2018-01-22,35.45
2018-01-23,34.98
2018-01-24,35.89
2018-01-25,35.89
2018-01-26,36.2
2018-01-29,36.55
2018-01-30,36.89
2018-01-31,36.38
2018-02-01,36.36
2018-02-02,35.42
2018-02-05,34.45
2018-02-06,34.83
2018-02-07,34.51
2018-02-08,33.97
2018-02-09,33.34
2018-02-15,35.38
2018-02-16,35.7
2018-02-19,35.76
2018-02-20,36.41
2018-02-21,36.6
2018-02-22,36.92
2018-02-23,37.57
2018-02-26,37.45
2018-02-27,38.3
2018-02-28,37.65
2018-03-01,38.21
2018-03-02,37.71
2018-03-05,37.92
2018-03-06,37.45
2018-03-07,37.75
2018-03-08,37.63
2018-03-09,38.1
2018-03-12,37.87
2018-03-13,38.36
2018-03-14,38.13
2018-03-15,37.91
2018-03-16,38.37
2018-03-19,38.42
2018-03-20,38.12
2018-03-21,38.75
2018-03-22,38.56
2018-03-23,38.01
2018-03-26,38.73
2018-03-27,35.39
2018-03-28,34.11
2018-03-29,35.0
2018-04-02,34.4
2018-04-03,34.72
2018-04-04,34.25
2018-04-05,34.36
2018-04-06,34.11
2018-04-09,33.5
2018-04-10,33.36
2018-04-11,33.98
2018-04-12,34.1
2018-04-13,34.15
2018-04-16,33.28
2018-04-17,33.65
2018-04-18,34.0
2018-04-19,34.39
2018-04-20,34.29
2018-04-23,34.75
2018-04-24,34.73
2018-04-25,35.15
2018-04-26,35.58
2018-04-27,35.7
2018-04-30,35.16
2018-05-02,34.5
2018-05-03,34.0
2018-05-04,33.85
2018-05-07,32.43
2018-05-08,32.78
2018-05-09,32.72
2018-05-10,30.73
2018-05-11,28.88
2018-05-14,28.0
2018-05-15,27.72
2018-05-16,27.98
2018-05-17,27.6
2018-05-18,26.37
2018-05-21,25.83
2018-05-22,26.26
2018-05-23,25.93
2018-05-24,26.1
2018-05-25,26.2
2018-05-28,25.67
2018-05-29,25.9
2018-05-30,26.15
2018-06-01,25.5
2018-06-04,25.74
2018-06-05,24.9
2018-06-06,25.0
2018-06-07,24.88
2018-06-08,24.1
2018-06-11,23.87
2018-06-12,24.0
2018-06-13,23.31
2018-06-14,23.48
2018-06-15,23.02
2018-06-18,22.89
2018-06-19,23.52
2018-06-20,24.1
2018-06-21,23.09
2018-06-22,22.8
2018-06-25,23.21
2018-06-26,22.81
2018-06-27,22.52
2018-06-28,22.5
2018-06-29,23.29
2018-07-02,23.25
2018-07-03,23.33
2018-07-04,23.69
2018-07-05,23.7
2018-07-06,24.3
2018-07-10,23.73
2018-07-11,23.65
2018-07-12,23.82
2018-07-13,23.93
2018-07-16,24.24
2018-07-17,25.12
2018-07-18,24.4
2018-07-19,24.9
2018-07-20,24.9
2018-07-23,24.82
2018-07-24,25.93
2018-07-25,26.06
2018-07-26,25.93
2018-07-27,25.52
2018-07-30,25.66
2018-07-31,25.0
2018-08-01,25.17
2018-08-02,25.27
2018-08-03,26.23
2018-08-06,26.48
2018-08-07,26.49
2018-08-08,26.17
2018-08-09,26.7
2018-08-10,25.0
2018-08-13,25.59
2018-08-14,25.95
2018-08-15,25.94
2018-08-16,25.61
2018-08-17,25.14
2018-08-20,25.17
2018-08-21,24.84
2018-08-22,25.63
2018-08-23,24.4
2018-08-24,24.79
2018-08-27,25.1
2018-08-28,25.0
2018-08-29,25.1
2018-08-30,24.31
2018-08-31,24.4
2018-09-03,23.9
2018-09-04,24.1
2018-09-05,23.95
2018-09-06,24.5
2018-09-10,24.25
2018-09-11,23.94
2018-09-12,24.44
2018-09-13,23.9
2018-09-14,23.6
2018-09-17,24.16
2018-09-18,24.56
2018-09-19,23.91
2018-09-20,23.78
2018-09-21,24.59
2018-09-24,24.0
2018-09-25,24.21
2018-09-26,23.82
2018-09-27,24.3
2018-09-28,23.59
2018-10-01,23.33
2018-10-02,25.14
2018-10-03,25.61
2018-10-04,25.9
2018-10-05,26.34
2018-10-08,28.12
2018-10-09,28.5
2018-10-10,27.35
2018-10-11,27.18
2018-10-15,27.46
2018-10-16,27.58
2018-10-17,28.08
2018-10-18,27.24
2018-10-19,27.91
2018-10-22,28.3
2018-10-23,28.2
2018-10-24,27.73
2018-10-25,27.69
2018-10-26,27.8
2018-10-29,28.3
2018-10-30,27.71
2018-10-31,27.95
2018-11-01,28.02
2018-11-05,28.6
2018-11-06,28.62
2018-11-07,28.15
2018-11-08,27.2
2018-11-09,27.06
2018-11-12,27.69
2018-11-13,27.48
2018-11-14,27.64
2018-11-16,27.96
2018-11-19,27.75
2018-11-21,27.65
2018-11-22,27.52
2018-11-23,27.67
2018-11-26,27.65
2018-11-27,28.4
2018-11-28,28.77
2018-11-29,28.71
2018-11-30,28.23
2018-12-03,28.46
2018-12-04,28.51
2018-12-05,28.68
2018-12-06,28.56
2018-12-07,28.83
2018-12-10,28.47
2018-12-11,29.09
2018-12-12,30.92
2018-12-13,31.22
2018-12-14,30.64
2018-12-17,30.24
2018-12-18,30.05
2018-12-19,29.79
2018-12-20,30.6
2018-12-21,30.52
2018-12-26,30.73
2018-12-27,30.69
2018-12-28,31.5
2019-01-02,34.37
2019-01-03,37.02
2019-01-04,37.86
2019-01-07,37.0
2019-01-08,37.14
2019-01-09,37.6
2019-01-10,37.83
2019-01-11,39.49
2019-01-14,41.6
2019-01-15,41.6
2019-01-16,40.77
2019-01-17,41.18
2019-01-18,40.67
2019-01-21,41.51
2019-01-22,41.37
2019-01-23,42.15
2019-01-24,43.18
2019-01-28,43.79
2019-01-29,44.4
2019-01-30,43.01
2019-01-31,43.37
2019-02-01,44.23
2019-02-04,43.61
2019-02-05,43.06
2019-02-06,41.11
2019-02-07,39.77
2019-02-08,42.19
2019-02-11,38.25
2019-02-12,38.15
2019-02-13,38.32
2019-02-14,40.36
2019-02-15,39.64
2019-02-18,39.23
2019-02-19,38.99
2019-02-20,38.68
2019-02-21,39.75
2019-02-22,40.61
2019-02-25,39.89
2019-02-26,40.17
2019-02-27,40.28
2019-02-28,39.35
2019-03-01,39.4
2019-03-07,38.6
2019-03-08,39.21
2019-03-11,40.9
2019-03-12,42.69
2019-03-13,43.02
2019-03-14,43.67
2019-03-15,43.75
2019-03-18,44.01
2019-03-19,43.65
2019-03-20,42.98
2019-03-21,41.95
2019-03-22,40.12
2019-03-25,40.5
2019-03-26,41.54
2019-03-27,40.0
2019-03-28,41.0
2019-03-29,42.0
2019-04-01,42.16
2019-04-02,40.41
2019-04-03,40.81
2019-04-04,41.28
2019-04-05,40.42
2019-04-08,40.64
2019-04-09,39.97
2019-04-10,40.0
2019-04-11,40.0
2019-04-12,38.85
2019-04-15,39.62
2019-04-16,41.05
2019-04-17,40.8
2019-04-18,41.34
2019-04-22,41.6
2019-04-23,42.0
2019-04-24,42.64
2019-04-25,44.3
2019-04-26,46.39
2019-04-29,47.57
2019-04-30,47.0
2019-05-02,46.34
2019-05-03,46.7
2019-05-06,46.44
2019-05-07,48.1
2019-05-08,48.2
2019-05-09,47.8
2019-05-10,45.8
2019-05-13,42.6
2019-05-14,43.21
2019-05-15,42.22
2019-05-16,39.85
2019-05-17,40.14
2019-05-20,41.09
2019-05-21,40.9
2019-05-22,42.5
2019-05-23,41.3
2019-05-24,40.37
2019-05-27,42.0
2019-05-28,42.61
2019-05-29,44.44
2019-05-30,44.22
2019-05-31,44.21
2019-06-03,44.06
2019-06-04,48.89
2019-06-05,48.85
2019-06-06,48.66
2019-06-07,47.65
2019-06-10,47.4
2019-06-11,47.14
2019-06-12,46.68
2019-06-13,47.87
2019-06-14,46.64
2019-06-17,47.22
2019-06-18,46.9
2019-06-19,47.89
2019-06-21,46.75
2019-06-24,46.5
2019-06-25,46.2
2019-06-26,45.86
2019-06-27,46.26
2019-06-28,47.27
2019-07-01,48.12
2019-07-02,47.63
2019-07-03,48.17
2019-07-04,49.39
2019-07-05,48.97
2019-07-08,49.21
2019-07-10,49.5
2019-07-11,51.81
2019-07-12,51.86
2019-07-15,51.48
2019-07-16,50.91
2019-07-17,51.68
2019-07-18,53.98
2019-07-19,53.0
2019-07-22,52.7
2019-07-23,52.5
2019-07-24,52.66
2019-07-25,52.16
2019-07-26,52.6
2019-07-29,52.0
2019-07-30,53.45
2019-07-31,53.4
2019-08-01,55.31
2019-08-02,55.93
2019-08-05,53.73
2019-08-06,54.57
2019-08-07,54.86
2019-08-08,56.55
2019-08-09,57.59
2019-08-12,57.7
2019-08-13,57.7
2019-08-14,55.96
2019-08-15,52.64
2019-08-16,52.5
2019-08-19,52.58
2019-08-20,52.9
2019-08-21,55.38
2019-08-22,54.69
2019-08-23,52.43
2019-08-26,51.7
2019-08-27,50.8
2019-08-28,50.81
2019-08-29,51.2
2019-08-30,51.7
2019-09-02,51.99
2019-09-03,50.87
2019-09-04,51.53
2019-09-05,52.11
2019-09-06,51.6
2019-09-09,49.56
2019-09-10,50.47
2019-09-11,51.01
2019-09-12,51.5
2019-09-13,51.17
2019-09-16,50.65
2019-09-17,50.23
2019-09-18,50.33
2019-09-19,50.78
2019-09-20,49.01
2019-09-23,49.08
2019-09-24,48.88
2019-09-25,48.19
2019-09-26,48.91
2019-09-27,48.45
2019-09-30,49.6
2019-10-01,49.75
2019-10-02,49.0
2019-10-03,50.45
2019-10-04,50.54
2019-10-07,48.47
2019-10-08,49.28
2019-10-09,50.12
2019-10-10,49.8
2019-10-11,50.43
2019-10-14,50.16
2019-10-15,50.38
2019-10-16,51.64
2019-10-17,50.62
2019-10-18,51.23
2019-10-21,51.57
2019-10-22,52.6
2019-10-23,53.97
2019-10-24,53.3
2019-10-25,52.6
2019-10-28,52.45
2019-10-29,53.05
2019-10-30,54.84
2019-10-31,54.62
2019-11-01,55.2
2019-11-04,55.5
2019-11-05,54.76
2019-11-06,53.93
2019-11-07,54.89
2019-11-08,53.9
2019-11-11,53.18
2019-11-12,52.18
2019-11-13,51.52
2019-11-14,51.88
2019-11-22,55.08
2019-11-25,54.37
2019-11-26,54.26
2019-11-27,54.65
2019-11-28,56.25
2019-11-29,57.4
2019-12-02,58.09
2019-12-03,57.35
2019-12-04,58.23
2019-12-05,58.33
2019-12-06,58.45
2019-12-09,59.7
2019-12-10,59.89
2019-12-11,61.5
2019-12-12,59.44
2019-12-13,58.4
2019-12-16,58.54
2019-12-17,58.13
2019-12-18,59.31
2019-12-19,59.64
2019-12-20,59.68
2019-12-23,60.03
2019-12-26,61.61
2019-12-27,61.07
2019-12-30,61.04
2020-01-02,59.92
2020-01-03,59.51
2020-01-06,58.6
2020-01-07,57.6
2020-01-08,56.75
2020-01-09,57.62
2020-01-10,57.41
2020-01-13,59.91
2020-01-14,61.21
2020-01-15,60.9
2020-01-16,60.55
2020-01-17,60.15
2020-01-20,60.3
2020-01-21,60.33
2020-01-22,61.06
2020-01-23,62.63
2020-01-27,61.58
2020-01-28,64.5
2020-01-29,62.4
2020-01-30,60.73
