Data,Volume,Fechamento,Abertura,Mínimo,Máximo,Médio
2015-03-31,8100.0,13.37954388,13.37954388,13.37954388,13.37954388,13.37954388
2015-04-07,22423.0,99.35550178,33.944398364,33.944398364,107.36671015,92.583140062
2015-04-08,419898.0,317.06215406,99.35550178,99.35550178,495.53866224,343.32570316
2015-04-09,1071324.0,313.84115275,330.35910816,151.96518975,442.92897427,303.02189196
2015-04-10,710821.0,309.7116639,313.84115275,256.02830883,412.9488852,326.14702953
2015-04-13,194997.0,247.76933112,305.7473546,247.76933112,305.7473546,282.53962726
2015-04-14,233325.0,173.52112156,206.14408349,173.52112156,206.14408349,181.78009927
2015-04-15,79090.0,159.39826969,169.39163271,159.39826969,177.48543086,167.49206784
2015-04-16,90080.0,155.10360128,159.81121857,148.66159867,181.69750949,158.32460259
2015-04-17,113927.0,138.8334152,156.8379866,133.21731037,156.8379866,142.54995517
2015-04-20,12603.0,148.74418845,144.6146996,144.6146996,152.79108752,148.66159867
2015-04-22,223993.0,193.92079649,165.26214386,165.26214386,198.71100356,188.80023031
2015-04-23,41853.0,144.6146996,215.88967718,144.6146996,215.88967718,192.02123162
2015-04-24,69909.0,165.17955408,157.33352526,157.33352526,174.01666022,164.93178475
2015-04-27,17638.0,151.55224087,169.39163271,151.55224087,169.39163271,161.875963
2015-04-28,46418.0,149.07454756,156.92057638,148.66159867,158.57237192,153.36921596
2015-04-29,20041.0,184.83592102,152.79108752,152.79108752,184.83592102,165.50991319
2015-04-30,6450.0,173.43853178,181.69750949,173.43853178,181.69750949,177.56802064
2015-05-04,19589.0,158.65496169,165.17955408,158.65496169,165.17955408,161.79337322
2015-05-05,11916.0,158.73755147,158.73755147,158.73755147,169.30904293,164.0232972
2015-05-06,3900.0,161.05006523,161.05006523,161.05006523,161.05006523,161.05006523
2015-05-07,1950.0,161.05006523,161.05006523,161.05006523,161.05006523,161.05006523
2015-05-08,28352.0,148.5790089,145.85354625,143.70621205,148.5790089,146.34908492
2015-05-11,93400.0,135.44723435,142.46736539,132.14364326,147.67052135,137.7597481
2015-05-12,69052.0,136.43831167,138.00751743,132.22623304,140.40262097,135.77759345
2015-05-13,22567.0,147.8357009,138.00751743,137.92492766,147.8357009,143.37585294
2015-05-14,15914.0,144.6146996,145.02764848,144.6146996,147.00980313,146.01872581
2015-05-15,26358.0,148.66159867,144.69728937,142.88031428,148.66159867,145.11023826
2015-05-19,20800.0,148.66159867,156.92057638,148.66159867,156.92057638,156.17726838
2015-05-20,7200.0,148.66159867,148.66159867,148.66159867,148.66159867,148.66159867
2015-05-25,10170.0,139.5767232,140.40262097,139.5767232,140.40262097,139.98967208
2015-05-26,6683.0,133.63025925,139.32895387,133.63025925,139.49413342,138.00751743
2015-06-01,7614.0,125.61905087,125.86682021,125.61905087,125.86682021,125.78423043
2015-06-02,1500.0,123.88466556,123.88466556,123.88466556,123.88466556,123.88466556
2015-06-05,4300.0,115.62568785,119.7551767,115.62568785,119.7551767,118.35115049
2015-06-08,4200.0,115.62568785,111.496199,111.496199,119.7551767,115.62568785
2015-06-09,7838.0,118.76409938,132.14364326,118.76409938,132.14364326,129.5007704
2015-06-10,4300.0,118.18597094,118.76409938,118.18597094,118.76409938,118.35115049
2015-06-11,2710.0,111.496199,112.32209677,111.496199,112.32209677,111.90914789
2015-06-12,15700.0,107.69706926,112.32209677,107.36671015,112.32209677,108.02742836
2015-06-18,20621.0,104.14570884,123.88466556,104.14570884,123.88466556,121.65474158
2015-06-19,50301.0,104.14570884,104.14570884,82.58977704,111.496199,103.89793951
2015-06-26,11484.0,103.5675804,94.730474265,94.730474265,111.496199,105.3845555
2015-06-29,10987.0,90.848754745,90.848754745,89.775087643,90.848754745,90.766164967
2015-06-30,7462.0,88.040702325,88.040702325,88.040702325,88.040702325,88.040702325
2015-07-03,999.0,82.507187263,82.507187263,82.507187263,82.507187263,82.507187263
2015-07-08,3099.0,82.672366817,82.58977704,82.58977704,90.68357519,85.315239683
2015-07-13,2008.0,82.920136149,82.920136149,82.920136149,82.920136149,82.920136149
2015-07-16,1006.0,83.085315703,83.085315703,83.085315703,83.085315703,83.085315703
2015-07-17,5882.0,79.286185959,83.085315703,79.286185959,83.085315703,80.9379815
2015-07-20,9279.0,73.587491343,79.286185959,73.587491343,80.9379815,76.643313093
2015-07-21,5400.0,75.982594877,74.000440228,74.000440228,75.982594877,74.330799336
2015-07-22,11692.0,71.935695802,75.982594877,71.935695802,81.76387927,74.248209559
2015-07-23,17511.0,60.455716794,75.982594877,60.455716794,75.982594877,68.879874052
2015-07-24,3522.0,60.951255456,57.812843928,51.866379981,60.951255456,58.143203036
2015-07-27,2920.0,60.29053724,60.29053724,60.29053724,60.29053724,60.29053724
2015-08-03,710.0,58.638741699,58.638741699,58.638741699,58.638741699,58.638741699
2015-08-04,1419.0,58.638741699,58.556151922,58.556151922,58.638741699,58.638741699
2015-08-07,710.0,58.638741699,58.638741699,58.638741699,58.638741699,58.638741699
2015-08-10,1399.0,57.812843928,57.730254151,57.730254151,57.812843928,57.812843928
2015-08-11,1501.0,57.895433705,66.071821632,57.895433705,66.071821632,62.024922557
2015-08-12,5710.0,57.895433705,58.225792814,57.895433705,65.989231855,58.969100807
2015-08-14,1401.0,57.895433705,57.812843928,57.812843928,57.895433705,57.895433705
2015-08-18,701.0,57.895433705,57.895433705,57.895433705,57.895433705,57.895433705
2015-08-19,2804.0,57.895433705,57.895433705,57.895433705,57.895433705,57.895433705
2015-08-20,730.0,60.29053724,60.29053724,60.29053724,60.29053724,60.29053724
2015-08-21,1402.0,57.895433705,57.895433705,57.895433705,57.895433705,57.895433705
2015-08-24,2783.0,56.161048388,57.895433705,56.161048388,57.895433705,57.48248482
2015-09-02,1300.0,53.683355076,53.683355076,53.683355076,53.683355076,53.683355076
2015-09-03,650.0,53.683355076,53.683355076,53.683355076,53.683355076,53.683355076
2015-09-14,6007.0,56.986946158,67.062898957,56.986946158,67.062898957,62.024922557
2015-09-28,650.0,53.683355076,53.683355076,53.683355076,53.683355076,53.683355076
2015-09-29,3280.0,52.857457306,53.683355076,52.857457306,56.986946158,54.178893738
2015-10-01,10302.0,89.196959204,57.812843928,57.812843928,89.196959204,70.944618478
2015-10-02,6746.0,74.743748222,82.58977704,74.743748222,82.58977704,79.616545067
2015-10-05,905.0,74.743748222,74.743748222,74.743748222,74.743748222,74.743748222
2015-10-13,63386.0,53.683355076,52.609687975,51.866379981,65.245923862,53.931124407
2015-10-15,33747.0,73.504901566,57.730254151,56.161048388,90.68357519,69.705771822
2015-10-16,5406.0,70.366490038,74.330799336,70.366490038,78.542877965,74.413389113
2015-10-19,30622.0,62.768230551,66.071821632,62.768230551,66.071821632,64.832974977
2015-10-20,3116.0,62.603050997,62.768230551,62.603050997,69.375412714,64.337436314
2015-10-21,7471.0,62.603050997,62.603050997,61.11643501,62.603050997,61.694563449
2015-10-22,6055.0,62.603050997,58.638741699,58.638741699,64.337436314,62.52046122
2015-10-23,11200.0,69.870951376,62.603050997,62.603050997,69.870951376,66.071821632
2015-10-26,8759.0,74.248209559,69.705771822,69.705771822,78.460288188,72.348644687
2015-10-27,1848.0,74.248209559,78.377698411,74.248209559,78.377698411,76.312953985
2015-10-28,12599.0,74.330799336,74.248209559,74.248209559,74.330799336,74.330799336
2015-10-29,900.0,74.330799336,74.330799336,74.330799336,74.330799336,74.330799336
2015-10-30,9282.0,66.071821632,62.107512334,62.107512334,66.071821632,63.924487429
2015-11-03,16044.0,73.091952681,65.989231855,64.502615869,73.091952681,69.705771822
2015-11-04,8271.0,75.9000051,74.330799336,74.330799336,77.551800641,75.9000051
2015-11-05,3638.0,75.9000051,75.9000051,74.330799336,75.9000051,75.156697107
2015-11-06,17020.0,65.328513639,76.065184654,65.328513639,77.634390418,70.283900261
2015-11-10,5278.0,58.473562145,64.17225676,58.473562145,64.17225676,62.272691889
2015-11-11,38709.0,58.638741699,58.390972368,55.087381286,65.080744308,59.216870138
2015-11-12,11491.0,60.207947462,59.464639469,58.638741699,60.207947462,59.299459915
2015-11-13,3740.0,61.777153226,61.777153226,61.777153226,61.777153226,61.777153226
2015-11-17,847.0,69.953541153,69.953541153,69.953541153,69.953541153,69.953541153
2015-11-23,799.0,65.989231855,65.989231855,65.989231855,65.989231855,65.989231855
2015-11-24,798.0,65.906642078,65.906642078,65.906642078,65.906642078,65.906642078
2015-11-25,8162.0,69.292822937,66.154411409,66.154411409,69.292822937,67.393258065
2015-11-26,2680.0,72.679003796,74.330799336,72.679003796,74.330799336,73.752670897
2015-11-27,1620.0,66.897719403,66.897719403,66.897719403,66.897719403,66.897719403
2015-12-04,3664.0,67.80620695,54.591842624,54.591842624,67.80620695,60.538306571
2015-12-07,2723.0,76.395543762,74.248209559,74.248209559,76.395543762,74.991517553
2015-12-08,7547.0,74.083030005,78.460288188,74.083030005,78.460288188,77.882159749
2015-12-09,16210.0,66.071821632,72.596414018,66.071821632,72.679003796,70.449079815
2015-12-14,14698.0,74.330799336,67.723617173,66.071821632,74.330799336,71.44015714
2015-12-15,4200.0,86.719265892,86.719265892,86.719265892,86.719265892,86.719265892
2015-12-16,1087.0,89.775087643,89.775087643,89.775087643,89.775087643,89.775087643
2015-12-17,1889.0,66.237001186,89.775087643,66.237001186,89.775087643,78.047339303
2015-12-23,5250.0,53.84853463,55.500330171,52.279328867,55.500330171,54.178893738
2015-12-30,13327.0,49.553866224,50.544943549,45.919916034,56.161048388,50.049404886
2016-01-06,1340.0,55.335150617,55.335150617,55.335150617,55.335150617,55.335150617
2016-01-20,60016.0,31.962243715,42.946684061,30.640807282,42.946684061,34.935475688
2016-01-21,440.0,36.339501898,36.339501898,36.339501898,36.339501898,36.339501898
2016-01-27,127186.0,23.042547794,41.212298743,23.042547794,41.212298743,25.189881997
2016-01-28,17589.0,24.776933112,22.299239801,22.299239801,24.776933112,24.611753558
2016-01-29,217672.0,10.075952798,22.216650024,10.075952798,22.216650024,13.957672319
2016-02-01,54183.0,9.4978243596,12.305876779,9.4978243596,14.618390536,10.819260792
2016-02-02,118673.0,3.6339501898,9.4978243596,3.6339501898,9.4978243596,5.2857457306
2016-02-03,99578.0,4.129488852,4.9553866224,3.2210013046,5.3683355076,3.6339501898
2016-02-04,266755.0,4.6250275143,5.0379763995,4.2946684061,6.194233278,4.9553866224
2016-02-05,180821.0,4.9553866224,5.1205661765,4.2946684061,5.2031559535,4.7902070683
2016-02-10,131607.0,4.4598479602,4.8727968454,4.4598479602,5.3683355076,4.8727968454
2016-02-11,83424.0,4.4598479602,4.4598479602,4.129488852,4.4598479602,4.2120786291
2016-02-12,122563.0,4.5424377372,4.6250275143,4.3772581831,4.8727968454,4.5424377372
2016-02-15,418246.0,11.232209677,4.9553866224,4.8727968454,12.388466556,9.0848754745
2016-02-16,1059753.0,6.8549514944,12.801415441,6.194233278,12.801415441,7.5156697107
2016-02-17,1839531.0,8.6719265892,7.5982594877,7.4330799336,11.1496199,9.0022856974
2016-02-18,576840.0,8.258977704,8.176387927,8.09379815,9.1674652515,8.5067470352
2016-02-19,278620.0,8.176387927,8.5893368122,7.9286185959,8.8371061433,8.176387927
2016-02-22,1219150.0,8.6719265892,8.4241572581,8.0112083729,9.9107732449,8.6719265892
2016-02-23,569049.0,7.8460288188,8.8371061433,7.4330799336,9.0848754745,8.09379815
2016-02-24,443440.0,6.6897719403,7.8460288188,6.6897719403,8.09379815,7.2679003796
2016-02-25,211216.0,6.0290537239,6.9375412714,5.9464639469,6.9375412714,6.3594128321
2016-02-26,286096.0,5.9464639469,6.4420026091,5.8638741699,7.0201310484,6.194233278
2016-02-29,87422.0,6.2768230551,6.111643501,6.111643501,6.4420026091,6.2768230551
2016-03-01,133727.0,7.2679003796,6.5245923862,6.3594128321,7.3504901566,6.7723617173
2016-03-02,173422.0,7.2679003796,7.1853106025,6.6897719403,7.8460288188,7.2679003796
2016-03-03,123607.0,7.1853106025,7.5156697107,7.0201310484,7.5156697107,7.1853106025
2016-03-04,108174.0,7.0201310484,7.5156697107,7.0201310484,7.8460288188,7.4330799336
2016-03-07,136896.0,6.9375412714,7.3504901566,6.6071821632,7.3504901566,6.9375412714
2016-03-08,86854.0,6.9375412714,6.8549514944,6.6897719403,7.0201310484,6.8549514944
2016-03-09,250335.0,7.1853106025,7.0201310484,6.9375412714,7.7634390418,7.3504901566
2016-03-10,479740.0,7.7634390418,7.2679003796,7.1853106025,8.7545163663,8.09379815
2016-03-11,216468.0,7.3504901566,8.176387927,7.3504901566,8.5893368122,7.8460288188
2016-03-14,156046.0,7.2679003796,7.7634390418,7.1027208255,7.7634390418,7.5156697107
2016-03-15,93880.0,6.7723617173,7.0201310484,6.6071821632,7.1853106025,6.9375412714
2016-03-16,25230.0,7.0201310484,6.9375412714,6.7723617173,7.1853106025,6.9375412714
2016-03-17,74738.0,7.5156697107,7.3504901566,7.1027208255,7.5156697107,7.4330799336
2016-03-18,50560.0,7.4330799336,7.7634390418,7.4330799336,7.9286185959,7.5982594877
2016-03-21,23311.0,7.5156697107,7.4330799336,7.2679003796,7.6808492648,7.3504901566
2016-03-22,11728.0,7.3504901566,7.5982594877,7.1853106025,7.6808492648,7.4330799336
2016-03-23,22540.0,7.2679003796,7.4330799336,7.1853106025,7.5156697107,7.3504901566
2016-03-24,78613.0,7.5982594877,7.5982594877,7.5982594877,8.258977704,7.9286185959
2016-03-28,820469.0,9.1674652515,8.0112083729,7.7634390418,10.654081238,9.4978243596
2016-03-29,965110.0,12.223287002,9.1674652515,9.1674652515,12.223287002,10.819260792
2016-03-30,2669010.0,23.538086457,14.453210982,13.875082542,23.538086457,18.582699834
2016-03-31,5236756.0,18.582699834,26.841677538,18.169750949,30.14526862,24.611753558
2016-04-01,1414148.0,18.913058942,21.721111362,18.665289611,23.620676234,21.142982922
2016-04-04,1102628.0,19.82154649,19.326007827,17.674212287,21.47334203,19.573777159
2016-04-05,321087.0,18.665289611,19.326007827,18.087161172,19.82154649,18.995648719
2016-04-06,801667.0,19.986726044,19.408597604,18.334930503,21.060393145,19.904136267
2016-04-07,468336.0,18.582699834,20.977803368,18.582699834,20.977803368,19.326007827
2016-04-08,552320.0,18.995648719,18.913058942,18.004571395,19.408597604,18.747879388
2016-04-11,207714.0,18.004571395,19.408597604,18.004571395,19.408597604,18.747879388
2016-04-12,386548.0,15.939826968,18.004571395,14.866159867,18.500110057,16.270186077
2016-04-13,521072.0,16.765724739,15.939826968,14.453210982,17.756802064,16.105006523
2016-04-14,245220.0,17.674212287,17.261263401,16.683134962,18.169750949,17.674212287
2016-04-15,267632.0,16.848314516,18.252340726,16.848314516,18.747879388,17.674212287
2016-04-18,256603.0,17.343853178,16.517955408,16.105006523,17.756802064,16.683134962
2016-04-19,141316.0,16.600545185,17.343853178,16.435365631,17.674212287,17.01349407
2016-04-20,69959.0,17.509032733,17.261263401,17.096083847,17.509032733,17.261263401
2016-04-22,773632.0,18.582699834,17.509032733,17.509032733,20.730034037,19.491187382
2016-04-25,691966.0,18.913058942,19.986726044,18.169750949,20.895213591,19.078238496
2016-04-26,178511.0,18.169750949,18.913058942,17.839391841,18.913058942,18.252340726
2016-04-27,386094.0,17.261263401,18.665289611,17.178673624,19.078238496,17.674212287
2016-04-28,150091.0,17.426442956,17.756802064,17.01349407,18.169750949,17.426442956
2016-04-29,2488617.0,20.069315821,19.904136267,17.674212287,21.060393145,19.738956713
2016-05-02,1046129.0,19.326007827,21.886290916,18.913058942,22.629598909,20.234495375
2016-05-03,176173.0,18.500110057,18.830469165,18.087161172,19.408597604,18.665289611
2016-05-04,125115.0,17.921981618,18.747879388,17.921981618,18.830469165,18.087161172
2016-05-05,274530.0,18.747879388,18.087161172,17.921981618,19.408597604,18.334930503
2016-05-06,474270.0,17.839391841,18.830469165,17.59162251,19.160828273,18.004571395
2016-05-09,231341.0,16.1875963,17.509032733,15.857237191,18.087161172,16.683134962
2016-05-10,217432.0,16.848314516,17.178673624,16.105006523,18.169750949,16.683134962
2016-05-11,89867.0,16.848314516,17.178673624,16.600545185,17.921981618,17.096083847
2016-05-12,169732.0,17.343853178,16.930904293,16.270186077,17.674212287,16.930904293
2016-05-13,77991.0,16.600545185,17.01349407,16.435365631,17.01349407,16.765724739
2016-05-16,124507.0,16.105006523,17.343853178,15.692057637,17.343853178,16.352775854
2016-05-17,154507.0,15.444288306,15.774647414,15.444288306,16.517955408,15.939826968
2016-05-18,108708.0,14.78357009,15.526878083,14.78357009,16.270186077,15.361698529
2016-05-19,52367.0,13.627313211,14.78357009,13.37954388,14.78357009,13.709902988
2016-05-20,58277.0,14.040262096,15.60946786,14.040262096,15.60946786,14.618390536
2016-05-23,43265.0,13.049184772,13.627313211,12.884005218,14.040262096,13.544723434
2016-05-24,40216.0,12.801415441,13.049184772,12.471056333,13.709902988,13.049184772
2016-05-25,24650.0,13.131774549,12.471056333,12.471056333,13.214364326,12.801415441
2016-05-27,38218.0,13.709902988,13.37954388,13.37954388,14.453210982,13.957672319
2016-05-30,79330.0,13.462133657,14.370621205,13.462133657,14.866159867,13.957672319
2016-05-31,47800.0,13.462133657,13.792492765,13.296954103,14.122851873,13.627313211
2016-06-01,57110.0,13.131774549,13.544723434,12.884005218,14.040262096,13.296954103
2016-06-02,183030.0,12.718825664,13.131774549,11.397389231,13.462133657,12.388466556
2016-06-03,81709.0,13.957672319,12.884005218,12.718825664,14.040262096,13.462133657
2016-06-06,148260.0,14.040262096,13.875082542,13.627313211,15.60946786,14.20544165
2016-06-07,82957.0,13.462133657,14.122851873,13.462133657,14.370621205,13.957672319
2016-06-08,158846.0,13.792492765,14.040262096,12.884005218,14.040262096,13.462133657
2016-06-09,132708.0,13.875082542,13.462133657,13.462133657,13.875082542,13.627313211
2016-06-10,136092.0,13.131774549,13.709902988,12.884005218,13.792492765,13.37954388
2016-06-13,72431.0,13.049184772,13.214364326,12.55364611,13.214364326,12.966594995
2016-06-14,113316.0,13.37954388,13.462133657,13.049184772,13.792492765,13.544723434
2016-06-15,181906.0,12.55364611,13.37954388,12.55364611,13.875082542,12.801415441
2016-06-16,72953.0,12.305876779,13.214364326,11.645158562,13.214364326,12.223287002
2016-06-17,39692.0,12.388466556,12.305876779,11.97551767,12.801415441,12.305876779
2016-06-20,48130.0,12.801415441,13.049184772,12.388466556,13.049184772,12.636235887
2016-06-21,13511.0,12.55364611,12.801415441,12.55364611,12.801415441,12.718825664
2016-06-22,213524.0,11.97551767,12.388466556,11.727748339,12.718825664,12.058107447
2016-06-23,261523.0,11.314799454,11.97551767,10.819260792,12.388466556,11.645158562
2016-06-24,38763.0,11.562568785,11.232209677,10.819260792,11.562568785,11.232209677
2016-06-27,27083.0,11.1496199,12.223287002,11.1496199,12.305876779,11.562568785
2016-06-28,102641.0,12.058107447,11.479979008,11.1496199,12.223287002,11.810338116
2016-06-29,110623.0,11.562568785,12.058107447,11.314799454,12.058107447,11.727748339
2016-06-30,117922.0,11.562568785,11.892927893,11.232209677,11.97551767,11.562568785
2016-07-01,318931.0,11.314799454,11.727748339,10.901850569,11.727748339,11.314799454
2016-07-04,2172425.0,17.343853178,11.562568785,11.562568785,18.004571395,15.857237191
2016-07-05,6199074.0,18.582699834,18.830469165,18.252340726,22.381829578,20.151905598
2016-07-06,2295248.0,14.618390536,18.169750949,14.618390536,18.995648719,16.765724739
2016-07-07,900330.0,13.462133657,14.700980313,13.296954103,15.444288306,14.370621205
2016-07-08,2503433.0,17.343853178,14.040262096,14.040262096,17.674212287,16.270186077
2016-07-11,1226657.0,17.01349407,18.500110057,16.683134962,18.500110057,17.426442956
2016-07-12,880400.0,17.01349407,17.01349407,16.105006523,17.509032733,16.765724739
2016-07-13,183203.0,16.517955408,16.848314516,16.105006523,16.930904293,16.600545185
2016-07-14,464664.0,17.178673624,16.848314516,16.517955408,17.674212287,17.178673624
2016-07-15,2302656.0,18.252340726,20.64744426,18.087161172,21.47334203,19.656366936
2016-07-18,816922.0,17.343853178,18.087161172,17.261263401,18.087161172,17.674212287
2016-07-19,458951.0,16.765724739,17.343853178,16.352775854,17.509032733,16.765724739
2016-07-20,192863.0,16.765724739,16.848314516,16.517955408,17.261263401,16.848314516
2016-07-21,720532.0,17.59162251,17.261263401,16.930904293,18.830469165,18.004571395
2016-07-22,208379.0,17.343853178,17.756802064,17.178673624,17.921981618,17.426442956
2016-07-25,55740.0,17.426442956,17.59162251,17.343853178,17.756802064,17.509032733
2016-07-26,388918.0,18.334930503,17.756802064,17.674212287,18.582699834,18.334930503
2016-07-27,577314.0,18.334930503,18.830469165,18.169750949,19.24341805,18.747879388
2016-07-28,158392.0,18.252340726,18.913058942,17.426442956,18.913058942,17.921981618
2016-07-29,1131456.0,20.317085152,18.41752028,17.839391841,20.812623814,19.738956713
2016-08-01,1592688.0,20.812623814,21.721111362,20.399674929,22.629598909,21.638521585
2016-08-02,763729.0,19.078238496,21.225572699,18.913058942,21.555931808,19.573777159
2016-08-03,2548088.0,22.381829578,19.904136267,19.078238496,23.290317125,21.803701139
2016-08-04,1615961.0,22.794778463,23.538086457,22.794778463,24.446574004,23.538086457
2016-08-05,435641.0,22.381829578,23.620676234,21.638521585,23.620676234,22.547009132
2016-08-08,559854.0,21.142982922,22.87736824,20.812623814,23.538086457,22.134060247
2016-08-09,539557.0,22.05147047,22.712188686,21.886290916,23.042547794,22.299239801
2016-08-10,372258.0,21.803701139,22.464419355,21.308162476,22.712188686,22.05147047
2016-08-11,567960.0,22.381829578,21.886290916,21.886290916,23.042547794,22.629598909
2016-08-12,5320161.0,24.529163781,22.712188686,22.05147047,28.906421964,25.437651328
2016-08-15,2337106.0,23.951035342,26.098369545,23.951035342,26.759087761,25.189881997
2016-08-16,1073101.0,22.629598909,23.455496679,22.547009132,23.538086457,22.959958017
2016-08-17,678573.0,22.87736824,22.794778463,22.629598909,23.868445565,23.207727348
2016-08-18,552221.0,23.207727348,23.290317125,22.464419355,23.703266011,23.042547794
2016-08-19,857102.0,21.968880693,23.207727348,21.968880693,23.538086457,22.464419355
2016-08-22,1065968.0,20.399674929,21.721111362,19.904136267,21.803701139,20.730034037
2016-08-23,536682.0,20.399674929,20.812623814,20.399674929,21.390752253,20.730034037
2016-08-24,382154.0,21.060393145,20.482264706,20.234495375,22.134060247,21.060393145
2016-08-25,194216.0,21.308162476,21.47334203,20.977803368,21.803701139,21.308162476
2016-08-26,378977.0,22.05147047,21.721111362,21.47334203,22.464419355,22.05147047
2016-08-29,2271894.0,23.455496679,22.712188686,22.712188686,24.611753558,23.785855788
2016-08-30,646065.0,23.125137571,24.116214896,22.547009132,24.28139445,23.290317125
2016-08-31,373932.0,21.968880693,22.794778463,21.721111362,23.538086457,22.547009132
2016-09-01,488701.0,21.390752253,21.968880693,20.812623814,21.968880693,21.47334203
2016-09-02,560563.0,21.47334203,21.886290916,21.47334203,22.464419355,21.968880693
2016-09-05,288738.0,22.134060247,22.134060247,21.803701139,22.959958017,22.134060247
2016-09-06,277438.0,21.47334203,22.134060247,21.225572699,22.712188686,21.638521585
2016-09-08,915011.0,21.308162476,22.299239801,21.308162476,23.125137571,22.134060247
2016-09-09,464580.0,20.895213591,21.47334203,20.317085152,21.803701139,20.977803368
2016-09-12,426637.0,20.234495375,21.555931808,19.986726044,21.555931808,20.64744426
2016-09-13,770500.0,18.747879388,20.069315821,18.169750949,20.64744426,18.995648719
2016-09-14,241170.0,18.582699834,19.078238496,18.582699834,19.24341805,18.830469165
2016-09-15,365356.0,18.582699834,19.656366936,18.582699834,19.656366936,18.995648719
2016-09-16,204001.0,18.500110057,18.830469165,17.261263401,18.830469165,18.169750949
2016-09-19,244405.0,17.921981618,18.830469165,17.921981618,19.408597604,18.582699834
2016-09-20,70406.0,17.59162251,17.921981618,17.343853178,18.334930503,17.59162251
2016-09-21,221477.0,18.004571395,17.756802064,17.178673624,18.334930503,17.59162251
2016-09-22,315733.0,17.756802064,17.59162251,16.683134962,18.004571395,17.261263401
2016-09-23,197548.0,18.582699834,18.004571395,17.756802064,19.160828273,18.334930503
2016-09-26,322851.0,18.913058942,18.582699834,18.582699834,19.408597604,18.913058942
2016-09-27,228085.0,19.078238496,19.738956713,18.582699834,19.738956713,19.160828273
2016-09-28,48302.0,18.830469165,19.573777159,18.665289611,19.573777159,18.995648719
2016-09-29,687788.0,19.408597604,18.995648719,18.665289611,20.151905598,19.160828273
2016-09-30,516125.0,18.995648719,19.82154649,18.747879388,19.82154649,19.326007827
2016-10-03,318643.0,18.004571395,18.41752028,17.261263401,18.830469165,18.169750949
2016-10-04,206021.0,18.169750949,18.087161172,17.839391841,18.500110057,18.169750949
2016-10-05,274151.0,18.582699834,18.41752028,18.41752028,19.326007827,18.830469165
2016-10-06,791978.0,20.234495375,18.582699834,18.41752028,20.234495375,19.656366936
2016-10-07,815977.0,18.995648719,20.317085152,18.995648719,21.142982922,19.904136267
2016-10-10,188920.0,19.408597604,18.995648719,18.995648719,19.82154649,19.408597604
2016-10-11,408230.0,18.582699834,19.738956713,17.756802064,20.069315821,18.665289611
2016-10-13,167564.0,18.830469165,19.160828273,18.169750949,19.408597604,18.830469165
2016-10-14,132069.0,19.326007827,19.078238496,18.913058942,19.491187382,19.24341805
2016-10-17,45859.0,18.830469165,19.326007827,18.747879388,19.408597604,18.995648719
2016-10-18,226113.0,18.500110057,19.078238496,18.169750949,19.24341805,18.747879388
2016-10-19,96816.0,18.500110057,18.913058942,18.41752028,18.913058942,18.582699834
2016-10-20,98515.0,18.500110057,18.665289611,18.41752028,18.913058942,18.747879388
2016-10-21,342137.0,18.252340726,18.582699834,18.169750949,18.913058942,18.500110057
2016-10-24,427116.0,18.995648719,18.747879388,18.582699834,19.326007827,18.995648719
2016-10-25,1256865.0,20.482264706,19.078238496,19.078238496,22.712188686,20.730034037
2016-10-26,762727.0,19.986726044,20.895213591,19.408597604,20.977803368,19.904136267
2016-10-27,165465.0,20.151905598,20.234495375,19.738956713,20.564854483,20.069315821
2016-10-28,2521195.0,22.299239801,19.904136267,19.82154649,23.951035342,22.464419355
2016-10-31,1354720.0,21.060393145,23.207727348,20.895213591,23.538086457,21.968880693
2016-11-01,1267018.0,21.390752253,21.060393145,19.82154649,21.638521585,20.730034037
2016-11-03,5261848.0,33.283680147,22.05147047,21.886290916,35.348424573,26.346138876
2016-11-04,4547444.0,23.538086457,28.823832187,23.125137571,28.823832187,25.437651328
2016-11-07,1547842.0,23.951035342,25.602830883,23.290317125,25.602830883,24.529163781
2016-11-08,1019810.0,22.216650024,24.363984227,21.968880693,24.363984227,22.959958017
2016-11-09,1204491.0,21.47334203,21.721111362,20.977803368,23.042547794,22.05147047
2016-11-10,738009.0,19.904136267,21.886290916,19.82154649,22.216650024,21.060393145
2016-11-11,575764.0,18.500110057,20.234495375,18.004571395,20.234495375,18.995648719
2016-11-14,557002.0,18.41752028,18.252340726,18.169750949,19.82154649,18.747879388
2016-11-16,242347.0,17.921981618,18.582699834,17.921981618,19.24341805,18.41752028
2016-11-17,1831435.0,20.069315821,18.995648719,18.995648719,21.142982922,20.069315821
2016-11-18,374702.0,19.408597604,20.234495375,19.24341805,20.564854483,19.986726044
2016-11-21,53575.0,19.82154649,19.738956713,19.656366936,20.64744426,19.904136267
2016-11-22,389852.0,21.721111362,19.82154649,19.82154649,21.721111362,20.730034037
2016-11-23,635880.0,20.730034037,21.638521585,20.730034037,23.042547794,21.886290916
2016-11-24,217613.0,21.060393145,21.225572699,20.812623814,21.886290916,21.390752253
2016-11-25,136571.0,20.812623814,21.225572699,20.812623814,21.721111362,20.977803368
2016-11-28,533049.0,20.482264706,20.812623814,20.399674929,21.555931808,20.895213591
2016-11-29,205986.0,20.151905598,20.399674929,19.656366936,20.64744426,20.069315821
2016-11-30,450797.0,19.408597604,20.977803368,19.408597604,21.142982922,20.399674929
2016-12-01,255539.0,18.995648719,19.82154649,18.995648719,20.64744426,19.904136267
2016-12-02,122548.0,19.326007827,19.573777159,19.24341805,20.234495375,19.491187382
2016-12-05,104595.0,19.573777159,19.408597604,19.408597604,20.069315821,19.656366936
2016-12-06,187165.0,20.399674929,19.573777159,19.160828273,20.482264706,19.738956713
2016-12-07,237053.0,20.151905598,20.564854483,19.573777159,21.060393145,20.399674929
2016-12-08,129954.0,20.564854483,21.060393145,20.151905598,21.060393145,20.482264706
2016-12-09,914932.0,18.582699834,20.730034037,18.582699834,20.895213591,19.408597604
2016-12-12,349477.0,18.252340726,19.326007827,18.169750949,19.408597604,18.665289611
2016-12-13,312260.0,18.41752028,18.169750949,17.921981618,18.913058942,18.252340726
2016-12-14,78369.0,18.169750949,18.665289611,17.839391841,18.665289611,18.169750949
2016-12-15,248414.0,18.169750949,18.169750949,18.004571395,18.995648719,18.500110057
2016-12-16,132323.0,17.921981618,18.665289611,17.921981618,18.665289611,18.169750949
2016-12-19,74138.0,17.426442956,17.921981618,17.426442956,18.334930503,17.756802064
2016-12-20,90152.0,17.59162251,17.59162251,17.01349407,18.087161172,17.59162251
2016-12-21,787549.0,18.169750949,18.087161172,18.087161172,19.82154649,18.913058942
2016-12-22,226160.0,17.343853178,18.500110057,17.261263401,18.582699834,17.674212287
2016-12-23,100312.0,17.426442956,17.756802064,17.426442956,18.169750949,17.756802064
2016-12-26,31463.0,17.426442956,17.756802064,17.426442956,18.004571395,17.59162251
2016-12-27,182824.0,18.252340726,17.426442956,17.343853178,18.500110057,18.252340726
2016-12-28,17304.0,18.252340726,18.41752028,17.674212287,18.41752028,18.087161172
2016-12-29,30943.0,18.334930503,18.41752028,18.004571395,18.41752028,18.252340726
2017-01-02,81776.0,17.674212287,18.169750949,17.674212287,18.169750949,17.839391841
2017-01-03,59041.0,18.004571395,17.756802064,17.756802064,18.41752028,18.087161172
2017-01-04,150546.0,18.582699834,18.087161172,18.087161172,18.665289611,18.500110057
2017-01-05,83512.0,18.169750949,18.665289611,17.921981618,18.913058942,18.41752028
2017-01-06,53262.0,18.004571395,18.252340726,17.839391841,18.41752028,18.004571395
2017-01-09,111998.0,18.169750949,18.252340726,17.839391841,18.41752028,18.087161172
2017-01-10,151393.0,18.252340726,17.921981618,17.921981618,18.913058942,18.500110057
2017-01-11,1874206.0,18.913058942,21.721111362,18.582699834,21.886290916,20.399674929
2017-01-12,360738.0,18.41752028,19.573777159,18.169750949,19.573777159,18.747879388
2017-01-13,420330.0,18.500110057,18.41752028,18.252340726,19.078238496,18.582699834
2017-01-16,260167.0,17.756802064,18.334930503,17.756802064,18.582699834,18.004571395
2017-01-17,561668.0,17.921981618,18.087161172,17.839391841,18.334930503,18.087161172
2017-01-18,507291.0,18.169750949,18.41752028,17.839391841,19.656366936,18.500110057
2017-01-19,173475.0,17.839391841,18.004571395,17.839391841,18.334930503,17.921981618
2017-01-20,195220.0,18.087161172,18.087161172,17.921981618,18.665289611,18.169750949
2017-01-23,160446.0,18.004571395,18.169750949,17.839391841,18.41752028,18.004571395
2017-01-24,128530.0,18.169750949,18.087161172,17.921981618,18.582699834,18.169750949
2017-01-26,319990.0,17.756802064,17.756802064,17.426442956,18.169750949,17.756802064
2017-01-27,289630.0,17.756802064,17.756802064,17.509032733,18.169750949,17.839391841
2017-01-30,182181.0,17.674212287,17.839391841,17.343853178,17.839391841,17.59162251
2017-01-31,179716.0,18.004571395,17.674212287,17.426442956,18.252340726,17.921981618
2017-02-01,248575.0,17.674212287,17.921981618,16.765724739,17.921981618,17.674212287
2017-02-02,161728.0,17.426442956,17.343853178,17.261263401,17.921981618,17.426442956
2017-02-03,61302.0,17.509032733,17.426442956,17.343853178,17.59162251,17.426442956
2017-02-06,60052.0,17.261263401,17.59162251,17.261263401,17.59162251,17.343853178
2017-02-07,647954.0,16.435365631,17.343853178,16.022416746,17.509032733,16.600545185
2017-02-08,1177038.0,14.78357009,16.105006523,14.535800759,16.517955408,14.866159867
2017-02-09,496908.0,14.948749644,14.866159867,14.618390536,15.444288306,15.031339421
2017-02-10,3062220.0,14.948749644,15.444288306,14.948749644,17.674212287,15.857237191
2017-02-13,1440967.0,14.122851873,15.361698529,14.040262096,15.60946786,14.78357009
2017-02-14,672964.0,13.792492765,14.288031428,13.37954388,14.618390536,13.792492765
2017-02-15,502701.0,13.462133657,13.792492765,13.214364326,13.957672319,13.462133657
2017-02-16,838260.0,12.801415441,13.296954103,12.55364611,13.462133657,12.966594995
2017-02-17,748593.0,12.388466556,12.884005218,11.97551767,12.884005218,12.388466556
2017-02-20,509420.0,13.131774549,12.55364611,12.388466556,13.214364326,12.801415441
2017-02-21,1376530.0,12.55364611,13.544723434,12.388466556,14.20544165,13.296954103
2017-02-22,616659.0,12.305876779,12.801415441,12.223287002,12.801415441,12.388466556
2017-02-23,229826.0,11.97551767,12.55364611,11.810338116,12.55364611,12.140697224
2017-02-24,269109.0,11.727748339,12.058107447,11.562568785,12.058107447,11.810338116
2017-03-01,93276.0,11.892927893,12.058107447,11.892927893,12.305876779,12.058107447
2017-03-02,288266.0,12.140697224,12.140697224,11.892927893,12.55364611,12.223287002
2017-03-03,136934.0,12.305876779,12.140697224,11.97551767,12.55364611,12.388466556
2017-03-06,216949.0,12.55364611,12.388466556,12.223287002,12.966594995,12.636235887
2017-03-07,108192.0,12.140697224,12.388466556,12.140697224,12.636235887,12.305876779
2017-03-08,979149.0,13.296954103,12.388466556,12.305876779,13.544723434,12.884005218
2017-03-09,1072737.0,12.388466556,13.792492765,12.388466556,14.040262096,13.049184772
2017-03-10,235945.0,12.140697224,12.471056333,11.97551767,12.801415441,12.305876779
2017-03-13,197910.0,11.97551767,12.55364611,11.97551767,12.636235887,12.223287002
2017-03-14,190470.0,11.810338116,12.223287002,11.727748339,12.305876779,12.058107447
2017-03-15,310389.0,11.645158562,11.810338116,11.314799454,11.97551767,11.562568785
2017-03-16,133004.0,11.562568785,11.562568785,11.397389231,11.892927893,11.562568785
2017-03-17,90671.0,11.397389231,11.892927893,11.1496199,11.892927893,11.397389231
2017-03-20,387670.0,10.901850569,11.727748339,10.571491461,11.727748339,10.819260792
2017-03-21,204525.0,10.158542576,10.654081238,9.9933630219,10.819260792,10.406311907
2017-03-22,268780.0,9.5804141367,10.075952798,9.4978243596,10.406311907,9.9107732449
2017-03-23,763172.0,8.5893368122,9.9107732449,8.258977704,9.9933630219,9.0022856974
2017-03-24,925564.0,9.4978243596,8.7545163663,8.7545163663,10.736671015,9.6630039137
2017-03-27,181406.0,9.3326448056,9.6630039137,9.3326448056,10.241132353,9.4978243596
2017-03-28,317781.0,9.0848754745,9.4152345826,8.9196959204,9.9107732449,9.2500550285
2017-03-29,476022.0,9.0022856974,9.3326448056,8.6719265892,9.3326448056,8.9196959204
2017-03-30,428847.0,8.9196959204,9.0848754745,8.9196959204,9.5804141367,9.1674652515
2017-03-31,476705.0,9.2500550285,9.0848754745,8.9196959204,9.2500550285,9.0848754745
2017-04-03,248152.0,9.0022856974,9.1674652515,8.7545163663,9.1674652515,9.0022856974
2017-04-04,202985.0,8.8371061433,8.9196959204,8.8371061433,9.0848754745,8.9196959204
2017-04-05,483275.0,8.5067470352,9.0022856974,8.5067470352,9.0022856974,8.6719265892
2017-04-06,440252.0,8.258977704,8.8371061433,8.09379815,8.8371061433,8.258977704
2017-04-07,351709.0,8.6719265892,8.4241572581,8.258977704,8.6719265892,8.5067470352
2017-04-10,227871.0,8.6719265892,8.6719265892,8.4241572581,8.9196959204,8.6719265892
2017-04-11,590220.0,8.5893368122,8.6719265892,8.176387927,8.9196959204,8.4241572581
2017-04-12,4524468.0,10.32372213,8.8371061433,8.8371061433,10.32372213,9.5804141367
2017-04-13,3211130.0,9.0848754745,10.654081238,9.0848754745,11.232209677,10.075952798
2017-04-17,628634.0,9.1674652515,9.4978243596,9.0848754745,9.5804141367,9.3326448056
2017-04-18,194950.0,8.8371061433,9.0848754745,8.7545163663,9.1674652515,8.9196959204
2017-04-19,125754.0,8.8371061433,9.0848754745,8.7545163663,9.0848754745,8.9196959204
2017-04-20,113655.0,8.7545163663,8.8371061433,8.6719265892,8.9196959204,8.7545163663
2017-04-24,624482.0,8.3415674811,9.0022856974,8.3415674811,9.0022856974,8.5067470352
2017-04-25,329847.0,8.5893368122,8.4241572581,8.4241572581,8.8371061433,8.5893368122
2017-04-26,69530.0,8.5067470352,8.6719265892,8.4241572581,8.7545163663,8.5893368122
2017-04-27,213216.0,8.7545163663,8.5067470352,8.4241572581,8.8371061433,8.6719265892
2017-04-28,95155.0,8.5067470352,8.6719265892,8.5067470352,8.6719265892,8.5893368122
2017-05-02,94131.0,8.8371061433,8.6719265892,8.6719265892,8.9196959204,8.7545163663
2017-05-03,436939.0,9.1674652515,8.8371061433,8.8371061433,9.4152345826,9.0848754745
2017-05-04,120197.0,8.7545163663,9.2500550285,8.7545163663,9.2500550285,8.9196959204
2017-05-05,180083.0,8.5893368122,8.8371061433,8.5893368122,9.0848754745,8.7545163663
2017-05-08,108588.0,8.5067470352,8.6719265892,8.5067470352,8.9196959204,8.5893368122
2017-05-09,1564393.0,9.0848754745,8.5893368122,8.5067470352,9.4978243596,9.2500550285
2017-05-10,558398.0,8.8371061433,9.1674652515,8.8371061433,9.3326448056,9.0848754745
2017-05-11,140548.0,9.1674652515,8.9196959204,8.7545163663,9.1674652515,9.0848754745
2017-05-12,90365.0,8.9196959204,9.1674652515,8.7545163663,9.1674652515,8.9196959204
2017-05-15,188833.0,8.8371061433,9.0848754745,8.8371061433,9.0848754745,8.9196959204
2017-05-16,207223.0,9.0022856974,8.9196959204,8.8371061433,9.2500550285,9.0022856974
2017-05-17,162428.0,8.8371061433,9.0022856974,8.6719265892,9.0022856974,8.8371061433
2017-05-18,663719.0,8.0112083729,7.9286185959,7.2679003796,8.258977704,7.9286185959
2017-05-19,264503.0,8.258977704,8.3415674811,8.09379815,8.5893368122,8.258977704
2017-05-22,555463.0,7.5982594877,8.258977704,7.4330799336,8.258977704,7.6808492648
2017-05-23,133905.0,7.5156697107,7.7634390418,7.4330799336,7.8460288188,7.5982594877
2017-05-24,136926.0,7.6808492648,7.6808492648,7.5982594877,7.8460288188,7.6808492648
2017-05-25,101523.0,7.9286185959,7.7634390418,7.6808492648,7.9286185959,7.7634390418
2017-05-26,715065.0,8.258977704,7.9286185959,7.9286185959,8.4241572581,8.258977704
2017-05-29,172177.0,8.258977704,8.258977704,8.0112083729,8.258977704,8.176387927
2017-05-30,50719.0,8.176387927,8.258977704,8.09379815,8.258977704,8.176387927
2017-05-31,544485.0,8.4241572581,8.176387927,8.176387927,8.9196959204,8.5067470352
2017-06-01,270736.0,8.09379815,8.4241572581,8.09379815,8.5893368122,8.258977704
2017-06-02,8741895.0,10.901850569,11.562568785,10.241132353,12.388466556,11.232209677
2017-06-05,5104591.0,11.397389231,10.736671015,10.406311907,12.058107447,11.397389231
2017-06-06,1458284.0,10.901850569,11.479979008,10.571491461,11.562568785,10.984440346
2017-06-07,749012.0,10.736671015,10.736671015,10.32372213,10.984440346,10.571491461
2017-06-08,963567.0,10.736671015,10.736671015,9.9107732449,10.901850569,10.32372213
2017-06-09,1244386.0,11.479979008,10.571491461,10.488901684,11.562568785,11.067030123
2017-06-12,2879228.0,12.058107447,11.479979008,11.479979008,13.214364326,12.388466556
2017-06-13,2109271.0,12.636235887,12.471056333,11.645158562,12.884005218,12.305876779
2017-06-14,1258975.0,12.966594995,12.884005218,12.718825664,13.544723434,12.966594995
2017-06-16,3014127.0,14.948749644,13.049184772,12.966594995,15.361698529,13.875082542
2017-06-19,10689541.0,16.848314516,15.444288306,15.444288306,18.665289611,17.426442956
2017-06-20,5602841.0,16.352775854,16.517955408,15.031339421,17.178673624,16.270186077
2017-06-21,1889717.0,16.517955408,16.930904293,15.939826968,17.096083847,16.517955408
2017-06-22,1477485.0,16.517955408,16.517955408,16.1875963,17.01349407,16.517955408
2017-06-23,1262208.0,16.517955408,16.517955408,16.1875963,16.765724739,16.435365631
2017-06-26,7767424.0,19.160828273,16.848314516,16.683134962,19.491187382,18.41752028
2017-06-27,18224289.0,22.959958017,19.326007827,18.665289611,23.372906902,20.977803368
2017-06-28,28376860.0,22.299239801,24.198804673,21.803701139,25.768010437,24.363984227
2017-06-29,16058720.0,19.986726044,22.712188686,18.830469165,23.125137571,20.151905598
2017-06-30,6588322.0,19.738956713,19.24341805,18.582699834,20.482264706,19.656366936
2017-07-03,16297313.0,23.951035342,20.234495375,19.986726044,23.951035342,22.381829578
2017-07-04,22588309.0,24.033625119,23.868445565,22.547009132,25.024702443,24.033625119
2017-07-05,13046401.0,22.464419355,24.611753558,22.464419355,25.10729222,24.28139445
2017-07-06,9161799.0,21.968880693,22.794778463,21.308162476,22.959958017,22.216650024
2017-07-07,4384536.0,21.886290916,22.134060247,21.060393145,22.299239801,21.638521585
2017-07-10,3086378.0,21.721111362,21.886290916,21.47334203,22.547009132,21.803701139
2017-07-11,4085552.0,21.886290916,21.638521585,20.730034037,22.299239801,21.638521585
2017-07-12,7361759.0,23.951035342,22.794778463,22.381829578,24.198804673,23.207727348
2017-07-13,6431756.0,23.620676234,23.951035342,23.290317125,24.529163781,23.951035342
2017-07-14,2648512.0,22.712188686,23.868445565,22.712188686,23.868445565,23.125137571
2017-07-17,8771962.0,24.446574004,22.547009132,22.134060247,25.024702443,24.033625119
2017-07-18,5069787.0,24.116214896,24.446574004,23.620676234,24.859522889,24.28139445
2017-07-19,2222022.0,24.033625119,24.198804673,23.703266011,24.529163781,24.198804673
2017-07-20,6213466.0,25.10729222,24.116214896,24.033625119,25.437651328,24.776933112
2017-07-21,7827276.0,24.198804673,25.520241105,24.198804673,26.015779768,25.272471774
2017-07-24,3916353.0,24.198804673,24.446574004,23.538086457,25.189881997,24.198804673
2017-07-25,3016981.0,23.785855788,23.951035342,23.455496679,24.611753558,24.033625119
2017-07-26,4299050.0,22.712188686,22.959958017,21.638521585,23.372906902,22.629598909
2017-07-27,2229304.0,22.134060247,22.629598909,21.886290916,23.042547794,22.216650024
2017-07-28,2404908.0,22.87736824,22.05147047,22.05147047,23.538086457,22.794778463
2017-07-31,1490006.0,23.125137571,22.87736824,22.381829578,23.455496679,22.87736824
2017-08-01,1177640.0,22.381829578,22.464419355,22.381829578,22.794778463,22.547009132
2017-08-02,14923345.0,23.207727348,22.299239801,22.216650024,25.850600214,24.776933112
2017-08-03,9114274.0,21.390752253,23.538086457,20.895213591,24.363984227,22.629598909
2017-08-04,14686949.0,19.82154649,21.721111362,17.59162251,21.721111362,19.573777159
2017-08-07,7522884.0,17.674212287,18.995648719,17.674212287,19.24341805,18.334930503
2017-08-08,10753597.0,14.866159867,17.921981618,14.288031428,18.41752028,15.939826968
2017-08-09,9439626.0,12.884005218,14.453210982,12.223287002,14.535800759,13.049184772
2017-08-10,7185052.0,14.370621205,13.296954103,12.801415441,14.948749644,14.122851873
2017-08-11,9806561.0,16.930904293,15.774647414,14.948749644,17.343853178,15.939826968
2017-08-14,15999041.0,17.756802064,17.509032733,15.857237191,19.24341805,18.004571395
2017-08-15,9940145.0,17.261263401,16.930904293,16.517955408,18.830469165,17.756802064
2017-08-16,4130913.0,16.930904293,17.674212287,16.517955408,18.004571395,17.178673624
2017-08-17,2372325.0,16.352775854,16.765724739,15.939826968,16.930904293,16.435365631
2017-08-18,1810072.0,16.105006523,16.435365631,15.692057637,16.517955408,16.022416746
2017-08-21,2776602.0,15.113929198,15.939826968,14.948749644,15.939826968,15.361698529
2017-08-22,2974944.0,14.700980313,15.444288306,14.040262096,15.444288306,14.535800759
2017-08-23,8011070.0,17.343853178,14.535800759,14.535800759,17.343853178,16.105006523
2017-08-24,7933701.0,16.1875963,17.756802064,16.022416746,18.169750949,17.096083847
2017-08-25,2796784.0,16.517955408,16.435365631,16.022416746,16.848314516,16.435365631
2017-08-28,1687038.0,16.600545185,16.600545185,16.105006523,17.01349407,16.435365631
2017-08-29,1202385.0,16.270186077,16.270186077,16.022416746,16.600545185,16.270186077
2017-08-30,4035484.0,15.113929198,16.600545185,14.948749644,16.600545185,15.444288306
2017-08-31,5396793.0,14.618390536,15.526878083,14.618390536,15.526878083,14.866159867
2017-09-01,3875399.0,14.866159867,14.866159867,14.700980313,15.196518975,14.866159867
2017-09-04,4190545.0,15.939826968,14.866159867,14.866159867,16.270186077,15.774647414
2017-09-05,5754866.0,14.866159867,16.1875963,14.700980313,16.435365631,15.196518975
2017-09-06,3978234.0,14.618390536,14.78357009,14.453210982,15.031339421,14.700980313
2017-09-08,1492522.0,14.453210982,14.78357009,14.288031428,14.78357009,14.453210982
2017-09-11,3235815.0,14.370621205,14.700980313,14.040262096,14.866159867,14.370621205
2017-09-12,1132400.0,14.453210982,14.453210982,14.370621205,14.618390536,14.453210982
2017-09-13,2832429.0,13.627313211,14.370621205,13.544723434,14.535800759,13.875082542
2017-09-14,4003360.0,12.801415441,13.709902988,12.718825664,13.875082542,13.049184772
2017-09-15,4134134.0,12.801415441,12.884005218,12.471056333,13.627313211,12.966594995
2017-09-18,2992022.0,12.305876779,12.966594995,11.727748339,13.131774549,12.471056333
2017-09-19,3211408.0,11.645158562,12.305876779,11.479979008,12.305876779,11.727748339
2017-09-20,9157406.0,12.140697224,13.37954388,11.810338116,13.544723434,12.471056333
2017-09-21,1851642.0,12.223287002,12.471056333,11.97551767,13.049184772,12.471056333
2017-09-22,867783.0,11.97551767,12.223287002,11.810338116,12.305876779,11.97551767
2017-09-25,1855976.0,11.397389231,11.810338116,10.984440346,11.97551767,11.397389231
2017-09-26,1660954.0,11.479979008,11.397389231,11.067030123,11.892927893,11.479979008
2017-09-27,671280.0,11.232209677,11.562568785,11.232209677,11.727748339,11.397389231
2017-09-28,537725.0,10.984440346,11.314799454,10.984440346,11.314799454,11.067030123
2017-09-29,1739722.0,10.819260792,11.067030123,10.32372213,11.1496199,10.654081238
2017-10-02,822395.0,10.488901684,10.901850569,10.406311907,11.067030123,10.654081238
2017-10-03,5463036.0,12.388466556,10.819260792,10.736671015,12.801415441,11.810338116
2017-10-04,10279583.0,13.462133657,12.884005218,12.801415441,13.957672319,13.37954388
2017-10-05,7220596.0,13.544723434,13.957672319,13.049184772,14.288031428,13.544723434
2017-10-06,8013768.0,12.6,13.6,12.4,14.6,13.3
2017-10-09,3124378.0,12.6,12.8,12.4,12.9,12.5
2017-10-10,3172907.0,12.0,12.7,11.9,12.8,12.3
2017-10-11,3644336.0,11.1,11.8,11.1,11.9,11.4
2017-10-13,4336373.0,11.0,11.2,10.7,11.7,11.2
2017-10-16,2490423.0,10.5,11.1,10.3,11.1,10.6
2017-10-17,3805443.0,10.2,10.4,9.9,10.5,10.1
2017-10-18,21893821.0,12.8,11.2,10.9,13.3,12.3
2017-10-19,7564567.0,11.6,12.8,11.4,12.9,12.0
2017-10-20,4006837.0,11.8,11.5,11.3,12.2,11.8
2017-10-23,3937166.0,11.2,11.5,11.0,11.7,11.3
2017-10-24,2116318.0,11.0,11.1,10.7,11.2,10.9
2017-10-25,4142870.0,12.0,10.9,10.7,12.3,11.5
2017-10-26,4409043.0,11.5,12.2,11.5,12.3,11.9
2017-10-27,1790021.0,11.3,11.5,11.1,11.8,11.4
2017-10-30,786305.0,11.3,11.2,11.1,11.4,11.2
2017-10-31,2282114.0,11.3,11.2,11.0,12.0,11.5
2017-11-01,1854223.0,11.2,11.4,11.2,11.7,11.3
2017-11-03,1407214.0,11.1,11.3,10.9,11.3,11.0
2017-11-06,2307494.0,10.7,11.2,10.7,11.2,10.8
2017-11-07,868910.0,10.7,10.7,10.5,10.9,10.6
2017-11-08,1440388.0,11.1,11.0,10.9,11.4,11.1
2017-11-09,913461.0,11.2,11.3,10.9,11.4,11.1
2017-11-10,581537.0,11.0,11.2,11.0,11.3,11.0
2017-11-13,1186771.0,10.3,10.9,10.3,10.9,10.5
2017-11-14,2747911.0,9.6,10.4,9.5,10.6,10.0
2017-11-16,1269710.0,9.5,9.8,9.2,9.8,9.4
2017-11-17,1209088.0,9.8,9.5,9.4,10.0,9.6
2017-11-21,980813.0,9.9,10.1,9.8,10.3,9.9
2017-11-22,389420.0,9.9,9.9,9.8,10.0,9.9
2017-11-23,1172379.0,10.2,10.1,10.0,10.4,10.1
2017-11-24,5750902.0,11.7,10.4,10.3,11.8,11.1
2017-11-27,9127589.0,12.1,12.2,11.8,12.7,12.2
2017-11-28,4707722.0,11.1,12.2,11.0,12.4,11.4
2017-11-29,1696930.0,10.8,11.2,10.6,11.2,10.8
2017-11-30,1859829.0,11.3,10.9,10.5,11.3,10.9
2017-12-01,2148012.0,11.2,11.3,11.1,11.8,11.4
2017-12-04,732656.0,11.0,11.4,10.9,11.4,11.0
2017-12-05,569982.0,11.0,11.0,10.7,11.1,10.9
2017-12-06,498687.0,11.0,11.1,10.8,11.2,11.0
2017-12-07,235701.0,10.8,11.0,10.7,11.0,10.8
2017-12-08,322102.0,10.9,10.8,10.7,11.0,10.8
2017-12-11,402137.0,10.6,10.8,10.5,10.8,10.6
2017-12-12,541346.0,10.5,10.6,10.2,10.7,10.4
2017-12-13,1103300.0,10.4,10.6,10.0,10.7,10.2
2017-12-14,1082316.0,10.2,10.4,10.0,10.5,10.2
2017-12-15,577015.0,10.3,10.3,10.2,10.5,10.3
2017-12-18,818531.0,10.6,10.4,10.3,10.9,10.6
2017-12-19,420216.0,10.3,10.8,10.3,10.8,10.4
2017-12-20,861355.0,10.3,10.5,10.1,10.5,10.2
2017-12-21,751507.0,10.3,10.4,10.2,10.6,10.3
2017-12-22,675000.0,10.3,10.3,10.3,10.6,10.3
2017-12-26,658492.0,10.4,10.4,10.3,10.6,10.4
2017-12-27,252506.0,10.5,10.4,10.3,10.6,10.4
2017-12-28,392614.0,10.4,10.5,10.4,10.7,10.5
2018-01-02,588329.0,10.4,10.6,10.3,10.6,10.4
2018-01-03,201655.0,10.3,10.4,10.2,10.4,10.3
2018-01-04,667845.0,10.3,10.3,10.2,10.5,10.3
2018-01-05,413707.0,10.4,10.3,10.2,10.5,10.3
2018-01-08,2331678.0,11.5,10.4,10.4,11.6,11.1
2018-01-09,3672017.0,10.8,11.7,10.8,12.1,11.4
2018-01-10,723585.0,10.7,10.9,10.6,10.9,10.7
2018-01-11,6495955.0,11.3,11.4,11.3,12.0,11.5
2018-01-12,2440554.0,11.2,11.4,10.9,11.5,11.1
2018-01-15,631760.0,11.2,11.3,11.1,11.4,11.2
2018-01-16,1906658.0,11.0,11.4,10.7,11.5,11.0
2018-01-17,689544.0,10.9,10.9,10.8,11.2,10.8
2018-01-18,606507.0,10.8,11.0,10.7,11.1,10.8
2018-01-19,444943.0,10.7,10.9,10.6,10.9,10.7
2018-01-22,524353.0,10.5,10.8,10.5,10.8,10.6
2018-01-23,616916.0,10.6,10.5,10.5,10.8,10.6
2018-01-24,1429487.0,10.9,10.7,10.7,11.2,10.9
2018-01-26,739117.0,10.8,11.0,10.8,11.1,10.8
2018-01-29,619399.0,10.7,10.8,10.7,11.0,10.7
2018-01-30,1377698.0,11.1,10.7,10.7,11.3,10.9
2018-01-31,2386569.0,11.0,11.2,11.0,11.4,11.1
2018-02-01,925110.0,10.8,11.1,10.8,11.1,10.9
2018-02-02,1218759.0,10.8,10.8,10.7,11.1,10.8
2018-02-05,781894.0,10.9,10.8,10.8,11.0,10.8
2018-02-06,930438.0,10.8,10.9,10.7,11.0,10.8
2018-02-07,485587.0,10.8,10.8,10.6,10.9,10.7
2018-02-08,1025279.0,10.5,10.7,10.4,10.9,10.6
2018-02-09,1296650.0,10.8,10.7,10.5,10.9,10.7
2018-02-14,659426.0,10.6,10.8,10.5,10.8,10.6
2018-02-15,635907.0,10.7,10.6,10.6,10.9,10.7
2018-02-16,712747.0,10.9,10.7,10.6,10.9,10.7
2018-02-19,877522.0,10.8,10.8,10.7,11.1,10.8
2018-02-20,633704.0,10.7,10.9,10.7,11.0,10.8
2018-02-21,444617.0,10.6,10.8,10.5,10.8,10.6
2018-02-22,2037353.0,10.4,10.6,10.0,10.7,10.3
2018-02-23,759554.0,10.3,10.4,10.2,10.4,10.2
2018-02-26,521464.0,10.2,10.4,10.2,10.5,10.3
2018-02-27,1002448.0,10.2,10.2,9.8,10.3,10.0
2018-02-28,372734.0,10.1,10.2,10.0,10.4,10.1
2018-03-01,12786405.0,12.0,10.1,10.0,12.2,11.3
2018-03-02,18471553.0,12.3,12.1,11.2,13.3,12.1
2018-03-05,21676546.0,14.8,12.0,11.8,14.8,13.5
2018-03-06,40689929.0,17.1,14.8,14.0,18.4,16.5
2018-03-07,45584068.0,20.0,17.1,16.6,20.4,19.2
2018-03-08,51447469.0,18.0,20.9,17.7,23.3,20.4
2018-03-09,20621437.0,20.1,17.5,16.7,20.3,18.9
2018-03-12,26639538.0,22.5,21.0,20.4,22.5,21.8
2018-03-13,25076657.0,22.5,23.0,20.8,24.0,22.7
2018-03-14,13792222.0,22.6,22.8,21.7,23.3,22.3
2018-03-15,8023358.0,22.0,22.0,21.3,22.8,22.1
2018-03-16,108561293.0,21.0,22.1,20.4,23.0,21.2
2018-03-19,12437117.0,19.5,21.0,19.2,21.6,20.2
2018-03-20,16543822.0,13.9,19.5,13.9,19.8,16.6
2018-03-21,12048886.0,14.7,14.5,13.5,16.0,14.8
2018-03-22,6741345.0,14.7,15.0,14.2,15.9,14.9
2018-03-23,4091365.0,14.1,14.9,13.7,15.0,14.1
2018-03-26,3378542.0,12.5,14.2,12.5,14.2,13.2
2018-03-27,2506183.0,13.7,12.6,12.6,13.8,13.2
2018-03-28,5595518.0,13.1,15.0,12.9,15.2,13.9
2018-03-29,1692080.0,13.0,12.8,12.4,13.1,12.8
2018-04-02,1230045.0,12.7,12.9,12.6,13.4,12.9
2018-04-03,800999.0,12.7,12.8,12.6,13.0,12.7
2018-04-04,1022682.0,12.2,12.6,12.0,12.7,12.3
2018-04-05,3054544.0,13.2,12.7,12.4,13.5,13.0
2018-04-06,2802979.0,12.8,13.6,12.6,13.8,13.1
2018-04-09,574290.0,12.4,12.7,12.3,12.7,12.4
2018-04-10,1055127.0,12.6,12.5,12.2,12.9,12.4
2018-04-11,1867396.0,12.8,12.6,12.5,13.4,12.9
2018-04-12,1104626.0,12.8,12.8,12.7,13.1,12.8
2018-04-13,965304.0,13.1,12.8,12.6,13.1,12.8
2018-04-16,8151617.0,13.4,13.0,13.0,14.2,13.5
2018-04-17,2572988.0,12.7,13.3,12.7,13.6,13.1
2018-04-18,2121542.0,13.3,12.9,12.8,13.7,13.2
2018-04-19,4849212.0,13.4,13.5,13.1,14.8,13.9
2018-04-20,2562441.0,13.3,13.6,13.2,13.6,13.3
2018-04-23,1753887.0,13.5,13.3,13.2,13.7,13.4
2018-04-24,2407532.0,13.6,14.0,13.5,14.1,13.8
2018-04-25,1278379.0,13.2,13.5,13.1,13.6,13.3
2018-04-26,594124.0,13.4,13.4,13.2,13.5,13.3
2018-04-27,1179605.0,13.4,13.4,13.2,13.7,13.4
2018-04-30,835254.0,13.6,13.5,13.4,13.9,13.6
2018-05-02,894652.0,13.3,13.6,13.2,13.7,13.4
2018-05-03,1595329.0,13.5,13.4,13.0,13.6,13.3
2018-05-04,978235.0,13.1,13.4,13.1,13.6,13.2
2018-05-07,907020.0,13.0,13.3,13.0,13.5,13.1
2018-05-08,855929.0,13.0,13.0,12.8,13.2,13.0
2018-05-09,671992.0,13.2,13.0,13.0,13.3,13.1
2018-05-10,1068959.0,12.9,13.2,12.8,13.2,13.0
2018-05-11,666144.0,12.8,12.9,12.8,13.0,12.8
2018-05-14,7977406.0,16.0,12.9,12.9,16.0,14.2
2018-05-15,34250065.0,17.9,15.2,14.6,19.8,17.4
2018-05-16,26711371.0,16.1,18.5,16.1,19.5,17.8
2018-05-17,27369518.0,17.7,16.2,15.7,19.0,17.6
2018-05-18,16131995.0,18.2,18.0,17.5,18.8,18.2
2018-05-21,17547354.0,19.5,18.7,18.1,19.7,19.0
2018-05-22,19409799.0,21.0,20.4,19.8,21.7,20.6
2018-05-23,20871145.0,20.8,20.7,20.2,22.2,21.3
2018-05-24,15930240.0,18.0,20.3,17.6,20.6,19.0
2018-05-25,10347090.0,18.3,18.5,17.5,19.5,18.5
2018-05-28,3424767.0,17.2,17.7,16.9,17.8,17.3
2018-05-29,4784352.0,17.8,17.9,17.3,18.3,17.8
2018-05-30,28487870.0,16.5,17.9,16.5,18.1,16.7
2018-06-01,10548905.0,14.5,16.8,14.2,17.1,15.1
2018-06-04,4127765.0,14.3,14.9,13.6,15.0,14.2
2018-06-05,3026641.0,13.6,14.0,13.3,14.2,13.6
2018-06-06,2655818.0,13.0,13.6,12.6,13.6,13.0
2018-06-07,3487412.0,13.1,12.7,12.2,13.1,12.6
2018-06-08,3042738.0,13.6,13.1,12.7,13.9,13.3
2018-06-11,2387653.0,13.4,13.8,13.4,14.3,13.7
2018-06-12,2606339.0,13.6,13.3,13.0,13.6,13.3
2018-06-13,5205761.0,14.3,13.9,13.4,14.8,14.2
2018-06-14,4849689.0,15.8,14.4,14.4,15.8,15.2
2018-06-15,6983755.0,16.4,16.5,15.2,16.8,16.0
2018-06-18,3996525.0,16.5,16.3,15.6,17.1,16.4
2018-06-19,4602890.0,14.8,16.4,14.8,16.8,15.8
2018-06-20,3628815.0,14.0,15.3,13.8,15.3,14.4
2018-06-21,1732131.0,13.4,14.1,13.3,14.2,13.7
2018-06-22,1339883.0,13.6,13.7,13.5,14.1,13.7
2018-06-25,1671674.0,13.9,13.6,13.6,14.3,13.8
2018-06-26,1537491.0,13.6,14.0,13.6,14.1,13.7
2018-06-27,902926.0,13.6,13.6,13.5,13.9,13.6
2018-06-28,3582625.0,14.2,13.7,13.4,15.0,14.2
2018-06-29,3171302.0,14.2,14.6,14.2,15.1,14.5
2018-07-02,2207573.0,13.7,13.6,13.4,13.9,13.6
2018-07-03,1275957.0,13.6,13.8,13.5,13.9,13.7
2018-07-04,2001105.0,13.9,13.7,13.7,14.4,13.9
2018-07-05,2659133.0,14.0,14.3,13.8,14.8,14.1
2018-07-06,726829.0,13.7,14.2,13.7,14.2,13.8
2018-07-10,2074111.0,14.0,13.9,13.8,14.5,14.1
2018-07-11,4118808.0,13.3,14.1,13.3,14.1,13.5
2018-07-12,884684.0,13.6,13.5,13.2,13.7,13.4
2018-07-13,1282199.0,13.4,13.7,13.4,13.8,13.5
2018-07-16,720399.0,13.7,13.5,13.4,13.8,13.6
2018-07-17,1275134.0,13.7,13.7,13.5,13.8,13.6
2018-07-18,1647369.0,13.8,13.7,13.6,14.1,13.8
2018-07-19,10186128.0,14.9,13.8,13.6,16.3,15.0
2018-07-20,7034787.0,13.9,15.3,13.9,15.7,14.5
2018-07-23,2108642.0,14.0,14.1,13.9,14.3,14.0
2018-07-24,5259505.0,14.0,14.1,14.0,14.7,14.2
2018-07-25,4395031.0,13.7,14.2,13.7,14.3,13.8
2018-07-26,2169375.0,13.6,13.9,13.5,14.0,13.7
2018-07-27,1211508.0,13.8,13.6,13.6,13.9,13.7
2018-07-30,970705.0,13.8,13.9,13.6,14.0,13.7
2018-07-31,2014784.0,13.7,13.9,13.6,13.9,13.7
2018-08-01,6289168.0,14.0,13.8,13.6,14.6,14.0
2018-08-02,1954060.0,13.7,14.0,13.7,14.1,13.8
2018-08-03,2749376.0,13.8,13.9,13.7,14.2,13.9
2018-08-06,2449870.0,13.7,13.7,13.5,14.0,13.6
2018-08-07,2276123.0,13.6,13.8,13.4,14.0,13.6
2018-08-08,1485255.0,13.6,13.7,13.5,13.7,13.5
2018-08-09,1336374.0,13.5,13.6,13.5,13.8,13.6
2018-08-10,6264960.0,12.3,13.4,12.0,13.4,12.6
2018-08-13,4446836.0,13.1,12.3,11.7,13.2,12.2
2018-08-14,8249377.0,14.0,13.3,13.1,14.3,13.8
2018-08-15,13350467.0,13.5,14.9,13.0,15.1,14.1
2018-08-16,2944648.0,13.0,13.5,13.0,13.6,13.2
2018-08-17,5398850.0,13.5,13.0,12.5,13.8,13.1
2018-08-20,2738681.0,13.3,13.4,13.1,13.9,13.4
2018-08-21,2564114.0,13.1,13.4,12.9,13.4,13.1
2018-08-22,1412337.0,13.3,13.0,12.9,13.3,13.0
2018-08-23,2219376.0,13.3,13.3,12.9,13.5,13.2
2018-08-24,1415068.0,13.1,13.4,13.1,13.4,13.2
2018-08-27,1175430.0,13.2,13.1,13.0,13.4,13.1
2018-08-28,1313649.0,13.2,13.3,13.0,13.3,13.1
2018-08-29,1123869.0,13.0,13.3,13.0,13.3,13.0
2018-08-30,4251780.0,13.8,13.0,13.0,13.8,13.5
2018-08-31,20568599.0,20.0,13.8,13.5,20.0,15.7
2018-09-03,26052703.0,15.0,17.2,15.0,18.9,17.3
2018-09-04,9232216.0,14.2,15.3,13.8,15.6,14.4
2018-09-05,4170914.0,14.1,14.3,13.8,14.5,14.1
2018-09-06,7016096.0,14.6,14.1,14.0,15.5,14.7
2018-09-10,2710428.0,14.1,14.7,14.1,14.9,14.3
2018-09-11,2474358.0,13.8,14.1,13.7,14.1,13.8
2018-09-12,1459387.0,13.9,13.9,13.7,14.1,13.8
2018-09-13,2385907.0,13.8,13.9,13.7,14.3,13.9
2018-09-14,1821005.0,13.9,13.9,13.7,14.1,13.9
2018-09-17,1336114.0,13.9,14.0,13.8,14.1,13.9
2018-09-18,3287532.0,14.0,14.0,13.9,14.5,14.1
2018-09-19,2787633.0,14.2,14.0,13.9,14.3,14.0
2018-09-20,2135356.0,14.0,14.3,13.9,14.3,14.0
2018-09-21,8587126.0,15.5,14.1,14.0,15.5,14.8
2018-09-24,17024887.0,16.6,15.2,14.6,17.2,16.1
2018-09-25,24353443.0,16.8,16.4,16.0,18.0,17.1
2018-09-26,25713112.0,14.0,16.5,14.0,16.9,15.4
2018-09-27,5179621.0,14.0,13.8,13.8,14.6,14.1
2018-09-28,3027707.0,14.2,14.2,14.0,14.4,14.1
2018-10-01,4028148.0,14.1,14.2,13.9,14.3,14.0
2018-10-02,5767471.0,14.0,14.1,13.9,14.2,14.0
2018-10-03,13909671.0,14.2,14.1,14.0,14.5,14.2
2018-10-04,13726022.0,14.7,14.3,14.1,14.8,14.4
2018-10-05,5467655.0,14.4,14.9,14.2,15.2,14.6
2018-10-08,2448948.0,14.4,14.6,14.4,15.0,14.5
2018-10-09,11854380.0,14.2,14.6,14.0,14.8,14.3
2018-10-10,8097298.0,14.6,14.2,14.0,14.9,14.4
2018-10-11,11585376.0,15.7,14.7,14.4,16.0,15.2
2018-10-15,10614881.0,14.6,15.7,14.6,16.3,15.5
2018-10-16,6258635.0,15.1,14.5,14.5,15.5,14.9
2018-10-17,4526259.0,14.8,15.3,14.7,15.7,15.0
2018-10-18,2414497.0,14.9,15.0,14.8,15.1,14.9
2018-10-19,2026373.0,14.8,14.9,14.7,15.1,14.8
2018-10-22,2129406.0,14.8,14.9,14.7,15.1,14.8
2018-10-23,1977656.0,14.7,14.9,14.6,14.9,14.7
2018-10-24,4019239.0,14.8,14.6,14.2,14.8,14.5
2018-10-25,3286214.0,14.8,14.8,14.4,14.9,14.6
2018-10-26,4497527.0,15.1,14.8,14.5,15.7,15.0
2018-10-29,3156412.0,14.7,15.3,14.7,15.5,15.0
2018-10-30,4104503.0,15.2,14.8,14.7,15.6,15.1
2018-10-31,5252907.0,15.2,15.3,15.2,16.0,15.5
2018-11-01,3074293.0,15.4,15.4,15.2,15.6,15.3
2018-11-05,11995485.0,16.3,15.4,15.4,17.2,16.3
2018-11-06,5163913.0,16.6,16.2,16.1,17.0,16.5
2018-11-07,9208359.0,16.5,16.5,16.4,17.8,17.0
2018-11-08,3267179.0,16.4,16.7,15.8,16.8,16.2
2018-11-09,1996197.0,16.2,16.4,16.0,16.7,16.3
2018-11-12,2287899.0,16.6,16.4,16.2,17.0,16.6
2018-11-13,4025054.0,16.7,16.7,16.5,17.2,16.8
2018-11-14,2967692.0,16.3,16.7,15.9,16.8,16.2
2018-11-16,3783407.0,16.3,16.4,16.0,16.7,16.3
2018-11-19,2846471.0,16.1,16.3,16.1,16.6,16.2
2018-11-21,2247641.0,15.8,16.1,15.8,16.2,15.9
2018-11-22,2226134.0,15.9,15.9,15.5,16.1,15.8
2018-11-23,1685554.0,15.6,15.8,15.6,16.1,15.8
2018-11-26,2865051.0,15.9,15.8,15.8,16.3,16.0
2018-11-27,1199090.0,15.6,16.0,15.6,16.0,15.7
2018-11-28,1547821.0,15.8,15.7,15.5,15.9,15.7
2018-11-29,997941.0,15.7,15.8,15.5,15.8,15.6
2018-11-30,2245126.0,15.6,15.8,15.6,16.0,15.7
2018-12-03,1146207.0,15.6,15.8,15.5,15.8,15.6
2018-12-04,7247897.0,15.7,15.6,15.5,16.8,16.1
2018-12-05,3043068.0,15.7,15.8,15.6,16.3,15.9
2018-12-06,5490199.0,15.0,15.7,14.8,15.8,15.2
2018-12-07,2423037.0,14.5,15.1,14.5,15.4,14.9
2018-12-10,6078533.0,13.1,14.3,13.1,14.6,13.6
2018-12-11,6006862.0,13.3,13.3,13.0,13.7,13.2
2018-12-12,9214276.0,12.0,13.3,12.0,13.5,12.5
2018-12-13,6902073.0,11.3,12.0,10.8,12.2,11.4
2018-12-14,5888002.0,11.8,11.5,11.5,12.4,11.8
2018-12-17,1427505.0,11.4,11.8,11.3,11.9,11.5
2018-12-18,720787.0,11.4,11.4,11.2,11.6,11.3
2018-12-19,1624073.0,11.2,11.5,11.2,11.7,11.4
2018-12-20,2932101.0,10.6,11.4,10.6,11.4,10.9
2018-12-21,3828921.0,10.0,10.6,9.9,10.9,10.2
2018-12-26,3211939.0,10.0,9.9,9.6,10.2,9.9
2018-12-27,3185772.0,9.9,10.1,9.8,10.3,9.9
2018-12-28,3021335.0,9.8,10.0,9.8,10.1,9.9
2019-01-02,3175012.0,9.8,9.9,9.6,9.9,9.7
2019-01-03,2608964.0,9.6,9.8,9.5,9.9,9.7
2019-01-04,2405930.0,9.7,9.6,9.5,9.7,9.6
2019-01-07,12513710.0,9.8,9.8,9.7,10.3,9.9
2019-01-08,7138587.0,9.1,9.9,9.1,10.0,9.4
2019-01-09,4457338.0,8.8,9.2,8.6,9.4,8.8
2019-01-10,7308296.0,8.9,8.8,8.4,9.3,8.8
2019-01-11,10895086.0,8.6,8.9,8.3,9.2,8.6
2019-01-14,7517952.0,8.5,8.7,8.1,8.7,8.3
2019-01-15,2936485.0,8.3,8.5,8.3,8.6,8.4
2019-01-16,6243188.0,8.9,8.3,8.3,9.1,8.7
2019-01-17,9803518.0,8.5,8.9,8.5,9.2,8.7
2019-01-18,6281577.0,8.4,8.6,8.3,8.7,8.5
2019-01-21,1255229.0,8.3,8.5,8.3,8.5,8.4
2019-01-22,1713480.0,8.3,8.4,8.3,8.5,8.3
2019-01-23,2282111.0,8.5,8.4,8.3,8.5,8.4
2019-01-24,2318572.0,8.3,8.4,8.3,8.6,8.4
2019-01-28,3044448.0,8.1,8.4,8.1,8.5,8.2
2019-01-29,2576849.0,8.2,8.2,8.0,8.3,8.1
2019-01-30,2995708.0,8.3,8.1,8.1,8.3,8.2
2019-01-31,2376302.0,8.3,8.2,8.2,8.4,8.2
2019-02-01,2448432.0,8.4,8.3,8.2,8.4,8.3
2019-02-04,1849653.0,8.3,8.3,8.2,8.4,8.3
2019-02-05,1344389.0,8.3,8.3,8.2,8.4,8.3
2019-02-06,7656193.0,8.4,8.4,8.2,8.8,8.4
2019-02-07,3588732.0,8.5,8.5,8.4,8.6,8.4
2019-02-08,2648325.0,8.6,8.6,8.4,8.6,8.4
2019-02-11,2334307.0,8.5,8.5,8.5,8.8,8.5
2019-02-12,1606692.0,8.4,8.6,8.4,8.6,8.4
2019-02-13,1779249.0,8.4,8.4,8.3,8.5,8.4
2019-02-14,2451354.0,8.5,8.4,8.3,8.7,8.5
2019-02-15,2380766.0,8.7,8.5,8.5,8.8,8.6
2019-02-18,21752060.0,10.4,8.7,8.7,10.5,9.6
2019-02-19,25655683.0,9.6,10.5,9.6,11.3,10.4
2019-02-20,6509961.0,9.0,9.6,8.9,9.8,9.2
2019-02-21,4434230.0,9.0,9.1,8.9,9.5,9.1
2019-02-22,1756820.0,9.1,9.0,8.9,9.4,9.1
2019-02-25,1574357.0,9.2,9.1,9.1,9.4,9.1
2019-02-26,1071709.0,9.1,9.2,9.1,9.3,9.1
2019-02-27,761848.0,9.1,9.1,9.0,9.2,9.1
2019-02-28,1944282.0,8.9,9.2,8.9,9.2,9.0
2019-03-01,5964049.0,8.5,8.7,8.2,8.7,8.4
2019-03-06,1029355.0,8.3,8.4,8.3,8.5,8.3
2019-03-07,1823214.0,8.3,8.4,8.1,8.4,8.2
2019-03-08,1793452.0,8.2,8.2,8.2,8.4,8.2
2019-03-11,4251632.0,8.7,8.3,8.2,9.2,8.6
2019-03-12,3672058.0,8.6,8.8,8.5,8.9,8.6
2019-03-13,1952513.0,8.6,8.6,8.5,8.9,8.7
2019-03-14,884564.0,8.5,8.7,8.5,8.7,8.5
2019-03-15,1651322.0,8.5,8.5,8.4,8.6,8.4
2019-03-18,1376206.0,8.3,8.4,8.3,8.5,8.3
2019-03-19,3767417.0,8.2,8.4,8.2,8.5,8.2
2019-03-20,2671065.0,8.2,8.2,8.1,8.3,8.2
2019-03-21,2287217.0,8.1,8.2,8.1,8.3,8.1
2019-03-22,3568011.0,7.9,8.1,7.7,8.1,7.8
2019-03-25,1066744.0,8.0,7.8,7.8,8.0,7.9
2019-03-26,758098.0,8.0,8.0,7.9,8.0,7.9
2019-03-27,1248795.0,7.9,8.0,7.8,8.0,7.8
2019-03-28,820232.0,7.9,7.9,7.8,7.9,7.8
2019-03-29,1133509.0,7.9,7.9,7.8,8.0,7.8
2019-04-01,732349.0,7.8,7.9,7.7,7.9,7.7
2019-04-02,1762702.0,7.6,7.8,7.5,7.8,7.6
2019-04-03,933541.0,7.6,7.5,7.5,7.7,7.6
2019-04-04,781483.0,7.6,7.6,7.5,7.7,7.6
2019-04-05,484048.0,7.5,7.6,7.5,7.7,7.5
2019-04-08,1870502.0,7.4,7.6,7.3,7.6,7.4
2019-04-09,1697781.0,7.2,7.4,7.2,7.4,7.2
2019-04-10,2052083.0,6.9,7.2,6.9,7.2,7.0
2019-04-11,1606393.0,6.6,6.9,6.6,7.0,6.7
2019-04-12,2912805.0,6.5,6.5,6.5,6.9,6.6
2019-04-15,4080523.0,6.6,6.6,6.4,6.9,6.7
2019-04-16,2641659.0,6.6,6.6,6.5,6.8,6.6
2019-04-17,1595877.0,6.5,6.6,6.4,6.7,6.5
2019-04-18,1076207.0,6.4,6.5,6.3,6.5,6.3
2019-04-22,914201.0,6.1,6.4,6.1,6.5,6.2
2019-04-23,1713563.0,5.8,6.2,5.7,6.2,5.9
2019-04-24,4772151.0,5.9,5.7,5.5,6.3,5.9
2019-04-25,2014544.0,5.8,6.0,5.7,6.1,5.9
2019-04-26,4338648.0,5.2,5.8,5.2,5.8,5.4
2019-04-29,2038233.0,4.8,5.2,4.8,5.2,4.9
2019-04-30,866661.0,4.8,4.9,4.7,5.0,4.8
2019-05-02,5293793.0,5.4,5.0,4.9,5.8,5.3
2019-05-03,3672368.0,4.6,5.5,4.6,5.6,4.8
2019-05-06,2240556.0,4.6,4.6,4.4,4.9,4.6
2019-05-07,879940.0,4.5,4.6,4.5,4.7,4.5
2019-05-08,892389.0,4.5,4.5,4.4,4.7,4.5
2019-05-09,1601257.0,4.2,4.6,4.2,4.6,4.3
2019-05-10,883919.0,4.1,4.2,4.0,4.3,4.1
2019-05-13,1628368.0,3.8,4.0,3.8,4.2,3.9
2019-05-14,769687.0,3.8,3.9,3.7,3.9,3.8
2019-05-15,395675.0,3.8,3.8,3.6,3.8,3.7
2019-05-16,2372135.0,3.8,3.7,3.6,4.3,3.9
2019-05-17,440687.0,3.8,3.8,3.8,4.0,3.8
2019-05-20,641233.0,4.1,3.9,3.8,4.1,3.9
2019-05-21,821634.0,4.0,4.1,4.0,4.3,4.1
2019-05-22,308135.0,4.0,4.1,4.0,4.2,4.1
2019-05-23,502675.0,4.1,4.1,4.0,4.2,4.1
2019-05-24,390143.0,4.1,4.1,4.0,4.2,4.0
2019-05-27,504358.0,4.0,4.1,3.9,4.1,4.0
2019-05-28,1751379.0,4.2,4.0,3.9,4.2,4.1
2019-05-29,1103244.0,4.0,4.2,3.9,4.2,4.0
2019-05-30,1172721.0,3.8,4.0,3.8,4.0,3.8
2019-05-31,744403.0,3.9,3.8,3.7,3.9,3.8
2019-06-03,1031477.0,3.59,3.7,3.52,3.89,3.63
2019-06-04,377247.0,3.64,3.7,3.59,3.8,3.64
2019-06-05,395347.0,3.43,3.63,3.41,3.63,3.51
2019-06-06,602025.0,3.35,3.44,3.33,3.49,3.37
2019-06-07,866785.0,3.15,3.33,3.14,3.33,3.2
2019-06-10,689401.0,3.16,3.11,3.08,3.3,3.17
2019-06-11,403331.0,3.06,3.16,3.05,3.16,3.08
2019-06-12,850115.0,2.89,3.08,2.88,3.08,2.93
2019-06-13,349893.0,2.88,2.88,2.87,2.95,2.9
2019-06-14,5334898.0,3.75,2.9,2.84,3.93,3.46
2019-06-17,4939784.0,3.36,3.83,3.36,4.08,3.73
2019-06-18,1172441.0,3.34,3.4,3.34,3.56,3.42
2019-06-19,489114.0,3.28,3.34,3.28,3.38,3.32
2019-06-21,4073718.0,3.61,3.26,3.18,3.88,3.61
2019-06-24,1054642.0,3.52,3.59,3.48,3.7,3.54
2019-06-25,683261.0,3.43,3.48,3.4,3.54,3.45
2019-06-26,398637.0,3.45,3.48,3.45,3.55,3.49
2019-06-27,183546.0,3.42,3.48,3.41,3.48,3.43
2019-06-28,1264575.0,3.52,3.42,3.38,3.68,3.56
2019-07-01,219316.0,3.53,3.6,3.52,3.63,3.56
2019-07-02,314354.0,3.47,3.58,3.47,3.58,3.52
2019-07-03,747479.0,3.5,3.5,3.44,3.7,3.55
2019-07-04,1579258.0,3.66,3.55,3.55,3.85,3.7
2019-07-05,1236805.0,3.76,3.66,3.66,3.85,3.74
2019-07-08,5567208.0,4.42,3.85,3.81,4.48,4.21
2019-07-10,8805150.0,5.0,4.6,4.59,5.34,4.93
2019-07-11,2499665.0,4.4,4.85,4.4,4.96,4.62
2019-07-12,1942169.0,4.66,4.5,4.33,4.81,4.6
2019-07-15,1362821.0,4.66,4.82,4.63,4.83,4.71
2019-07-16,763556.0,4.45,4.7,4.43,4.72,4.53
2019-07-17,583841.0,4.45,4.46,4.37,4.51,4.42
2019-07-18,1947963.0,4.39,4.49,4.38,4.74,4.56
2019-07-19,547873.0,4.31,4.42,4.31,4.48,4.36
2019-07-22,676104.0,4.3,4.32,4.13,4.39,4.24
2019-07-23,120658.0,4.22,4.31,4.19,4.31,4.24
2019-07-24,358339.0,4.18,4.23,4.16,4.33,4.22
2019-07-25,2545514.0,4.5,4.19,4.18,4.7,4.5
2019-07-26,982472.0,4.37,4.5,4.33,4.65,4.44
2019-07-29,304483.0,4.46,4.43,4.39,4.5,4.43
2019-07-30,545068.0,4.42,4.47,4.4,4.55,4.46
2019-07-31,1092569.0,4.26,4.45,4.25,4.45,4.32
2019-08-01,1234481.0,4.6,4.28,4.28,4.65,4.39
2019-08-02,911564.0,4.4,4.59,4.38,4.59,4.43
2019-08-05,530991.0,4.31,4.32,4.29,4.4,4.32
2019-08-06,405790.0,4.32,4.4,4.29,4.4,4.33
2019-08-07,275877.0,4.3,4.34,4.26,4.34,4.29
2019-08-08,1040622.0,4.49,4.32,4.29,4.54,4.46
2019-08-09,498291.0,4.5,4.48,4.43,4.54,4.49
2019-08-12,1677323.0,4.7,4.47,4.4,4.75,4.61
2019-08-13,1120224.0,4.83,4.74,4.67,4.9,4.78
2019-08-14,1093998.0,4.79,4.83,4.65,4.9,4.79
2019-08-15,1131998.0,4.42,4.9,4.41,4.9,4.62
2019-08-16,656502.0,4.35,4.46,4.27,4.57,4.32
2019-08-19,424750.0,4.25,4.37,4.19,4.46,4.24
2019-08-20,889677.0,3.79,4.22,3.79,4.22,3.94
2019-08-21,460253.0,3.93,3.89,3.81,4.0,3.91
2019-08-22,625220.0,4.03,3.95,3.8,4.03,3.9
2019-08-23,487512.0,3.94,4.01,3.9,4.14,4.03
2019-08-26,224947.0,3.84,4.05,3.81,4.06,3.96
2019-08-27,311622.0,3.89,3.84,3.8,3.96,3.88
2019-08-28,283571.0,3.95,3.9,3.88,4.05,3.97
2019-08-29,1623925.0,4.45,4.02,4.02,4.49,4.32
2019-08-30,9796699.0,5.44,4.46,4.37,5.44,5.14
2019-09-02,4328729.0,5.3,5.2,5.03,5.6,5.31
2019-09-03,2541342.0,5.27,5.22,4.91,5.49,5.23
2019-09-04,1129096.0,5.16,5.35,5.07,5.39,5.19
2019-09-05,1877471.0,5.22,5.2,5.14,5.5,5.33
2019-09-06,584316.0,5.18,5.25,5.1,5.29,5.18
2019-09-09,893927.0,5.26,5.18,5.07,5.26,5.19
2019-09-10,617472.0,5.38,5.3,5.18,5.39,5.29
2019-09-11,6568897.0,6.0,5.45,5.42,6.18,5.85
2019-09-12,2388273.0,5.5,5.99,5.5,6.05,5.71
2019-09-13,1234997.0,5.4,5.52,5.32,5.74,5.5
2019-09-16,2010392.0,5.48,5.72,5.38,5.86,5.66
2019-09-17,774909.0,5.48,5.48,5.2,5.57,5.43
2019-09-18,1048116.0,5.75,5.44,5.43,5.78,5.65
2019-09-19,655683.0,5.56,5.77,5.56,5.79,5.65
2019-09-20,1172336.0,5.64,5.5,5.45,5.64,5.55
2019-09-23,579147.0,5.63,5.64,5.5,5.78,5.65
2019-09-24,407349.0,5.59,5.74,5.54,5.74,5.61
2019-09-25,536361.0,5.55,5.51,5.45,5.69,5.59
2019-09-26,291719.0,5.5,5.62,5.45,5.69,5.59
2019-09-27,386426.0,5.6,5.5,5.35,5.6,5.48
2019-09-30,397324.0,5.58,5.6,5.44,5.63,5.54
2019-10-01,1557992.0,5.69,5.48,5.45,5.89,5.71
2019-10-02,546331.0,5.51,5.58,5.51,5.69,5.57
2019-10-03,747015.0,5.49,5.56,5.35,5.65,5.52
2019-10-04,820021.0,5.65,5.55,5.52,5.83,5.69
2019-10-07,280629.0,5.56,5.65,5.53,5.69,5.6
2019-10-08,353979.0,5.51,5.58,5.48,5.62,5.53
2019-10-09,469375.0,5.64,5.51,5.47,5.64,5.54
2019-10-10,296981.0,5.47,5.52,5.47,5.57,5.49
2019-10-11,640333.0,5.5,5.59,5.5,5.68,5.59
2019-10-14,371883.0,5.5,5.48,5.48,5.57,5.51
2019-10-15,344345.0,5.57,5.51,5.51,5.67,5.59
2019-10-16,194353.0,5.51,5.56,5.5,5.59,5.52
2019-10-17,320116.0,5.55,5.51,5.5,5.59,5.53
2019-10-18,523840.0,5.63,5.58,5.55,5.67,5.6
2019-10-21,379742.0,5.66,5.67,5.58,5.77,5.65
2019-10-22,473117.0,5.6,5.66,5.6,5.74,5.66
2019-10-23,593663.0,5.51,5.69,5.51,5.69,5.54
2019-10-24,5457618.0,6.23,5.58,5.55,6.4,6.01
2019-10-25,4293207.0,6.29,6.18,5.98,6.64,6.31
2019-10-28,1675384.0,6.15,6.29,6.02,6.39,6.17
2019-10-29,870383.0,6.1,6.16,6.02,6.22,6.09
2019-10-30,3486778.0,6.43,6.1,6.08,6.7,6.48
2019-10-31,3289873.0,6.7,6.46,6.41,7.1,6.76
2019-11-01,3747233.0,6.99,6.78,6.7,7.26,7.03
2019-11-04,5418557.0,8.0,7.01,7.01,8.0,7.65
2019-11-05,5315075.0,7.75,8.09,7.59,8.27,7.93
2019-11-06,5759721.0,8.88,7.9,7.5,8.88,8.2
2019-11-07,9355244.0,8.79,8.75,8.41,9.4,9.1
2019-11-08,3185986.0,8.55,8.79,8.55,9.08,8.8
2019-11-11,3267829.0,8.66,8.5,8.06,9.0,8.69
2019-11-12,2840271.0,8.44,8.65,8.15,8.8,8.41
2019-11-13,2129110.0,8.4,8.54,8.19,8.67,8.37
2019-11-14,2843257.0,8.49,8.25,8.11,8.55,8.34
2019-11-18,4821219.0,9.18,8.61,8.49,9.25,8.97
2019-11-19,5777953.0,9.05,9.24,8.76,9.35,9.08
2019-11-21,7298160.0,9.61,9.06,9.06,9.74,9.49
2019-11-22,3276176.0,9.36,9.67,9.16,9.95,9.65
2019-11-25,3976800.0,9.98,9.45,9.33,9.99,9.74
2019-11-26,6328921.0,9.45,10.0,9.45,10.4,9.95
2019-11-27,4377652.0,9.68,9.61,9.35,9.85,9.63
2019-11-28,3678678.0,10.17,9.7,9.41,10.19,9.87
2019-11-29,5270163.0,10.4,10.25,9.88,10.4,10.17
2019-12-02,15107929.0,7.99,10.4,7.99,10.46,9.18
2019-12-03,48306898.0,3.1,7.5,3.06,7.5,4.19
2019-12-04,85621213.0,3.24,3.35,2.97,3.68,3.23
2019-12-05,32937612.0,3.32,3.37,3.26,3.48,3.34
2019-12-06,19173314.0,3.22,3.36,3.17,3.4,3.26
2019-12-09,11341094.0,3.11,3.23,3.1,3.23,3.14
2019-12-10,12761777.0,3.14,3.13,3.02,3.29,3.16
2019-12-11,8135504.0,3.1,3.16,3.09,3.21,3.14
2019-12-12,8388959.0,3.08,3.11,3.07,3.17,3.12
2019-12-13,3828492.0,3.12,3.1,3.08,3.13,3.1
2019-12-16,11880099.0,3.13,3.15,3.1,3.3,3.18
2019-12-17,7591093.0,3.07,3.16,3.05,3.17,3.08
2019-12-18,6973741.0,3.0,3.08,2.97,3.11,3.02
2019-12-19,8142567.0,2.92,3.01,2.92,3.1,2.99
2019-12-20,5885746.0,2.81,2.93,2.81,2.97,2.86
2019-12-23,7356479.0,2.86,2.84,2.66,2.88,2.77
2019-12-26,12393757.0,3.06,2.98,2.9,3.15,3.03
2019-12-27,7556216.0,3.03,3.13,2.98,3.18,3.08
2019-12-30,5108524.0,2.93,3.06,2.91,3.06,2.96
2020-01-02,6812928.0,2.85,2.95,2.85,2.96,2.89
2020-01-03,19311385.0,2.58,2.9,2.58,3.0,2.77
2020-01-06,14618721.0,2.48,2.63,2.41,2.73,2.56
2020-01-07,31046631.0,2.55,2.51,2.41,2.83,2.61
2020-01-08,12721661.0,2.45,2.61,2.45,2.66,2.52
2020-01-09,9479814.0,2.44,2.48,2.42,2.53,2.46
2020-01-10,7850691.0,2.38,2.45,2.36,2.48,2.42
2020-01-13,12842083.0,2.2,2.41,2.17,2.42,2.27
2020-01-14,13162329.0,2.07,2.22,2.03,2.23,2.11
2020-01-15,35776281.0,2.54,2.05,1.99,2.54,2.29
2020-01-16,43887679.0,2.31,2.65,2.26,2.74,2.46
2020-01-17,29426199.0,2.38,2.31,2.24,2.55,2.4
2020-01-20,21352732.0,2.34,2.38,2.29,2.51,2.37
2020-01-21,10103571.0,2.22,2.36,2.2,2.36,2.27
2020-01-22,6919255.0,2.22,2.25,2.2,2.31,2.24
2020-01-23,16133176.0,2.32,2.18,2.14,2.36,2.26
2020-01-24,12617672.0,2.19,2.34,2.17,2.34,2.22
2020-01-27,8117959.0,2.1,2.15,2.09,2.23,2.14
2020-01-28,7297892.0,2.07,2.15,2.05,2.17,2.09
2020-01-29,8245413.0,2.02,2.09,2.02,2.14,2.06
2020-01-30,8701307.0,1.9,1.99,1.9,2.01,1.93
2020-01-31,8773964.0,1.82,1.86,1.81,1.93,1.85
2020-02-03,30399746.0,2.26,1.87,1.83,2.31,2.13
2020-02-04,64561694.0,2.07,2.51,1.99,2.51,2.18
2020-02-05,21208539.0,2.01,2.1,2.01,2.12,2.07
2020-02-06,26138113.0,1.88,2.03,1.86,2.03,1.92
2020-02-07,27797000.0,1.9,1.88,1.82,2.06,1.94
2020-02-10,19639688.0,1.83,1.88,1.82,2.0,1.89
2020-02-11,12859113.0,1.83,1.86,1.79,1.89,1.82
2020-02-12,8323731.0,1.8,1.84,1.77,1.85,1.8
2020-02-13,8842308.0,1.74,1.79,1.74,1.81,1.76
2020-02-14,18094814.0,1.6,1.75,1.58,1.76,1.64
2020-02-17,18516179.0,1.61,1.61,1.59,1.73,1.66
2020-02-18,8954671.0,1.61,1.62,1.59,1.67,1.62
2020-02-19,4831187.0,1.59,1.62,1.59,1.63,1.6
2020-02-20,12712518.0,1.6,1.61,1.6,1.7,1.64
2020-02-21,7199028.0,1.54,1.58,1.53,1.6,1.56
2020-02-26,4125649.0,1.37,1.43,1.36,1.47,1.41
2020-02-27,4842741.0,1.35,1.37,1.34,1.45,1.38
2020-02-28,7428123.0,1.3,1.36,1.23,1.38,1.28
2020-03-02,13271338.0,1.59,1.3,1.28,1.6,1.46
2020-03-03,19136885.0,1.41,1.58,1.41,1.68,1.53
2020-03-04,11067650.0,1.34,1.46,1.33,1.48,1.38
2020-03-05,8349786.0,1.23,1.35,1.2,1.35,1.27
2020-03-06,3334526.0,1.18,1.15,1.14,1.22,1.17
2020-03-09,4327817.0,0.94,0.95,0.9,1.03,0.97
2020-03-10,4814583.0,1.0,1.07,0.98,1.1,1.02
2020-03-11,2931594.0,0.99,0.99,0.94,1.05,0.99
